sample_id,category,evidence,label,counterfactual_labels
RANSOMWARE_001,Ransomware,"[{'eid': 'E1', 'etype': 'encryption', 'text': 'File contents were transformed with symmetric encryption; encrypted extensions appeared rapidly.'}, {'eid': 'E2', 'etype': 'filesystem', 'text': 'Renamed large numbers of user files with random extensions after modification.'}, {'eid': 'E3', 'etype': 'other', 'text': 'Dropped a ransom note demanding payment for file recovery.'}, {'eid': 'E4', 'etype': 'persistence', 'text': 'Created a scheduled task for execution at user logon.'}, {'eid': 'E5', 'etype': 'c2', 'text': 'Contacted a remote server over HTTPS to report host identifiers and encryption status.'}]",Ransomware,"{'modify_c2': 'Ransomware', 'remove_persistence': 'Ransomware', 'remove_encryption_and_coercion': 'Backdoor'}"
RANSOMWARE_002,Ransomware,"[{'eid': 'E1', 'etype': 'encryption', 'text': 'Repeated file encryption observed; invoked CryptEncrypt on many user documents.'}, {'eid': 'E2', 'etype': 'filesystem', 'text': 'Renamed large numbers of user files with random extensions after modification.'}, {'eid': 'E3', 'etype': 'other', 'text': 'Dropped a ransom note demanding payment for file recovery.'}, {'eid': 'E4', 'etype': 'persistence', 'text': 'Created a scheduled task for execution at user logon.'}, {'eid': 'E5', 'etype': 'c2', 'text': 'Outbound HTTPS beaconing to a hard-coded IP address on a non-standard port.'}]",Ransomware,"{'modify_c2': 'Ransomware', 'remove_persistence': 'Ransomware', 'remove_encryption_and_coercion': 'Backdoor'}"
RANSOMWARE_003,Ransomware,"[{'eid': 'E1', 'etype': 'encryption', 'text': 'File contents were transformed with symmetric encryption; encrypted extensions appeared rapidly.'}, {'eid': 'E2', 'etype': 'filesystem', 'text': 'Created new encrypted copies and removed originals across user directories.'}, {'eid': 'E3', 'etype': 'other', 'text': 'Created README files instructing victims to pay for decryption keys.'}, {'eid': 'E4', 'etype': 'persistence', 'text': 'Created registry Run key HKCU\\Software\\Microsoft\\Windows\\CurrentVersion\\Run\\sysupdater.'}, {'eid': 'E5', 'etype': 'c2', 'text': 'Issued periodic HTTPS requests to a fixed endpoint consistent with C2 telemetry.'}]",Ransomware,"{'modify_c2': 'Ransomware', 'remove_persistence': 'Ransomware', 'remove_encryption_and_coercion': 'Backdoor'}"
RANSOMWARE_004,Ransomware,"[{'eid': 'E1', 'etype': 'encryption', 'text': 'Encrypted multiple user files using Windows CryptoAPI; high-volume write operations detected.'}, {'eid': 'E2', 'etype': 'filesystem', 'text': 'Renamed large numbers of user files with random extensions after modification.'}, {'eid': 'E3', 'etype': 'other', 'text': 'Dropped a ransom note demanding payment for file recovery.'}, {'eid': 'E4', 'etype': 'persistence', 'text': 'Created registry Run key HKCU\\Software\\Microsoft\\Windows\\CurrentVersion\\Run\\sysupdater.'}, {'eid': 'E5', 'etype': 'c2', 'text': 'Outbound HTTPS beaconing to a hard-coded IP address on a non-standard port.'}]",Ransomware,"{'modify_c2': 'Ransomware', 'remove_persistence': 'Ransomware', 'remove_encryption_and_coercion': 'Backdoor'}"
RANSOMWARE_005,Ransomware,"[{'eid': 'E1', 'etype': 'encryption', 'text': 'Repeated file encryption observed; invoked CryptEncrypt on many user documents.'}, {'eid': 'E2', 'etype': 'filesystem', 'text': 'Created new encrypted copies and removed originals across user directories.'}, {'eid': 'E3', 'etype': 'other', 'text': 'Created README files instructing victims to pay for decryption keys.'}, {'eid': 'E4', 'etype': 'persistence', 'text': 'Created registry Run key HKCU\\Software\\Microsoft\\Windows\\CurrentVersion\\Run\\sysupdater.'}, {'eid': 'E5', 'etype': 'c2', 'text': 'Issued periodic HTTPS requests to a fixed endpoint consistent with C2 telemetry.'}]",Ransomware,"{'modify_c2': 'Ransomware', 'remove_persistence': 'Ransomware', 'remove_encryption_and_coercion': 'Backdoor'}"
RANSOMWARE_006,Ransomware,"[{'eid': 'E1', 'etype': 'encryption', 'text': 'Repeated file encryption observed; invoked CryptEncrypt on many user documents.'}, {'eid': 'E2', 'etype': 'filesystem', 'text': 'Created new encrypted copies and removed originals across user directories.'}, {'eid': 'E3', 'etype': 'other', 'text': 'Created README files instructing victims to pay for decryption keys.'}, {'eid': 'E4', 'etype': 'persistence', 'text': 'Created a scheduled task for execution at user logon.'}, {'eid': 'E5', 'etype': 'c2', 'text': 'Issued periodic HTTPS requests to a fixed endpoint consistent with C2 telemetry.'}]",Ransomware,"{'modify_c2': 'Ransomware', 'remove_persistence': 'Ransomware', 'remove_encryption_and_coercion': 'Backdoor'}"
RANSOMWARE_007,Ransomware,"[{'eid': 'E1', 'etype': 'encryption', 'text': 'Encrypted multiple user files using Windows CryptoAPI; high-volume write operations detected.'}, {'eid': 'E2', 'etype': 'filesystem', 'text': 'Enumerated documents and rewrote them in-place; many filenames changed post-write.'}, {'eid': 'E3', 'etype': 'other', 'text': 'Dropped a ransom note demanding payment for file recovery.'}, {'eid': 'E4', 'etype': 'persistence', 'text': 'Created a scheduled task for execution at user logon.'}, {'eid': 'E5', 'etype': 'c2', 'text': 'Contacted a remote server over HTTPS to report host identifiers and encryption status.'}]",Ransomware,"{'modify_c2': 'Ransomware', 'remove_persistence': 'Ransomware', 'remove_encryption_and_coercion': 'Backdoor'}"
RANSOMWARE_008,Ransomware,"[{'eid': 'E1', 'etype': 'encryption', 'text': 'Repeated file encryption observed; invoked CryptEncrypt on many user documents.'}, {'eid': 'E2', 'etype': 'filesystem', 'text': 'Created new encrypted copies and removed originals across user directories.'}, {'eid': 'E3', 'etype': 'other', 'text': 'Dropped a ransom note demanding payment for file recovery.'}, {'eid': 'E4', 'etype': 'persistence', 'text': 'Installed an autostart entry under HKLM\\Software\\Microsoft\\Windows\\CurrentVersion\\Run.'}, {'eid': 'E5', 'etype': 'c2', 'text': 'Contacted a remote server over HTTPS to report host identifiers and encryption status.'}]",Ransomware,"{'modify_c2': 'Ransomware', 'remove_persistence': 'Ransomware', 'remove_encryption_and_coercion': 'Backdoor'}"
RANSOMWARE_009,Ransomware,"[{'eid': 'E1', 'etype': 'encryption', 'text': 'Encrypted multiple user files using Windows CryptoAPI; high-volume write operations detected.'}, {'eid': 'E2', 'etype': 'filesystem', 'text': 'Renamed large numbers of user files with random extensions after modification.'}, {'eid': 'E3', 'etype': 'other', 'text': 'Dropped a ransom note demanding payment for file recovery.'}, {'eid': 'E4', 'etype': 'persistence', 'text': 'Installed an autostart entry under HKLM\\Software\\Microsoft\\Windows\\CurrentVersion\\Run.'}, {'eid': 'E5', 'etype': 'c2', 'text': 'Outbound HTTPS beaconing to a hard-coded IP address on a non-standard port.'}]",Ransomware,"{'modify_c2': 'Ransomware', 'remove_persistence': 'Ransomware', 'remove_encryption_and_coercion': 'Backdoor'}"
RANSOMWARE_010,Ransomware,"[{'eid': 'E1', 'etype': 'encryption', 'text': 'Repeated file encryption observed; invoked CryptEncrypt on many user documents.'}, {'eid': 'E2', 'etype': 'filesystem', 'text': 'Renamed large numbers of user files with random extensions after modification.'}, {'eid': 'E3', 'etype': 'other', 'text': 'Displayed a payment instruction message and threatened permanent data loss.'}, {'eid': 'E4', 'etype': 'persistence', 'text': 'Installed an autostart entry under HKLM\\Software\\Microsoft\\Windows\\CurrentVersion\\Run.'}, {'eid': 'E5', 'etype': 'c2', 'text': 'Contacted a remote server over HTTPS to report host identifiers and encryption status.'}]",Ransomware,"{'modify_c2': 'Ransomware', 'remove_persistence': 'Ransomware', 'remove_encryption_and_coercion': 'Backdoor'}"
RANSOMWARE_011,Ransomware,"[{'eid': 'E1', 'etype': 'encryption', 'text': 'File contents were transformed with symmetric encryption; encrypted extensions appeared rapidly.'}, {'eid': 'E2', 'etype': 'filesystem', 'text': 'Renamed large numbers of user files with random extensions after modification.'}, {'eid': 'E3', 'etype': 'other', 'text': 'Displayed a payment instruction message and threatened permanent data loss.'}, {'eid': 'E4', 'etype': 'persistence', 'text': 'Created a scheduled task for execution at user logon.'}, {'eid': 'E5', 'etype': 'c2', 'text': 'Contacted a remote server over HTTPS to report host identifiers and encryption status.'}]",Ransomware,"{'modify_c2': 'Ransomware', 'remove_persistence': 'Ransomware', 'remove_encryption_and_coercion': 'Backdoor'}"
RANSOMWARE_012,Ransomware,"[{'eid': 'E1', 'etype': 'encryption', 'text': 'File contents were transformed with symmetric encryption; encrypted extensions appeared rapidly.'}, {'eid': 'E2', 'etype': 'filesystem', 'text': 'Enumerated documents and rewrote them in-place; many filenames changed post-write.'}, {'eid': 'E3', 'etype': 'other', 'text': 'Dropped a ransom note demanding payment for file recovery.'}, {'eid': 'E4', 'etype': 'persistence', 'text': 'Created registry Run key HKCU\\Software\\Microsoft\\Windows\\CurrentVersion\\Run\\sysupdater.'}, {'eid': 'E5', 'etype': 'c2', 'text': 'Issued periodic HTTPS requests to a fixed endpoint consistent with C2 telemetry.'}]",Ransomware,"{'modify_c2': 'Ransomware', 'remove_persistence': 'Ransomware', 'remove_encryption_and_coercion': 'Backdoor'}"
RANSOMWARE_013,Ransomware,"[{'eid': 'E1', 'etype': 'encryption', 'text': 'Encrypted multiple user files using Windows CryptoAPI; high-volume write operations detected.'}, {'eid': 'E2', 'etype': 'filesystem', 'text': 'Created new encrypted copies and removed originals across user directories.'}, {'eid': 'E3', 'etype': 'other', 'text': 'Created README files instructing victims to pay for decryption keys.'}, {'eid': 'E4', 'etype': 'persistence', 'text': 'Installed an autostart entry under HKLM\\Software\\Microsoft\\Windows\\CurrentVersion\\Run.'}, {'eid': 'E5', 'etype': 'c2', 'text': 'Issued periodic HTTPS requests to a fixed endpoint consistent with C2 telemetry.'}]",Ransomware,"{'modify_c2': 'Ransomware', 'remove_persistence': 'Ransomware', 'remove_encryption_and_coercion': 'Backdoor'}"
RANSOMWARE_014,Ransomware,"[{'eid': 'E1', 'etype': 'encryption', 'text': 'Repeated file encryption observed; invoked CryptEncrypt on many user documents.'}, {'eid': 'E2', 'etype': 'filesystem', 'text': 'Renamed large numbers of user files with random extensions after modification.'}, {'eid': 'E3', 'etype': 'other', 'text': 'Created README files instructing victims to pay for decryption keys.'}, {'eid': 'E4', 'etype': 'persistence', 'text': 'Created registry Run key HKCU\\Software\\Microsoft\\Windows\\CurrentVersion\\Run\\sysupdater.'}, {'eid': 'E5', 'etype': 'c2', 'text': 'Issued periodic HTTPS requests to a fixed endpoint consistent with C2 telemetry.'}]",Ransomware,"{'modify_c2': 'Ransomware', 'remove_persistence': 'Ransomware', 'remove_encryption_and_coercion': 'Backdoor'}"
RANSOMWARE_015,Ransomware,"[{'eid': 'E1', 'etype': 'encryption', 'text': 'Repeated file encryption observed; invoked CryptEncrypt on many user documents.'}, {'eid': 'E2', 'etype': 'filesystem', 'text': 'Renamed large numbers of user files with random extensions after modification.'}, {'eid': 'E3', 'etype': 'other', 'text': 'Displayed a payment instruction message and threatened permanent data loss.'}, {'eid': 'E4', 'etype': 'persistence', 'text': 'Created registry Run key HKCU\\Software\\Microsoft\\Windows\\CurrentVersion\\Run\\sysupdater.'}, {'eid': 'E5', 'etype': 'c2', 'text': 'Outbound HTTPS beaconing to a hard-coded IP address on a non-standard port.'}]",Ransomware,"{'modify_c2': 'Ransomware', 'remove_persistence': 'Ransomware', 'remove_encryption_and_coercion': 'Backdoor'}"
RANSOMWARE_016,Ransomware,"[{'eid': 'E1', 'etype': 'encryption', 'text': 'Encrypted multiple user files using Windows CryptoAPI; high-volume write operations detected.'}, {'eid': 'E2', 'etype': 'filesystem', 'text': 'Enumerated documents and rewrote them in-place; many filenames changed post-write.'}, {'eid': 'E3', 'etype': 'other', 'text': 'Displayed a payment instruction message and threatened permanent data loss.'}, {'eid': 'E4', 'etype': 'persistence', 'text': 'Created a scheduled task for execution at user logon.'}, {'eid': 'E5', 'etype': 'c2', 'text': 'Contacted a remote server over HTTPS to report host identifiers and encryption status.'}]",Ransomware,"{'modify_c2': 'Ransomware', 'remove_persistence': 'Ransomware', 'remove_encryption_and_coercion': 'Backdoor'}"
RANSOMWARE_017,Ransomware,"[{'eid': 'E1', 'etype': 'encryption', 'text': 'Repeated file encryption observed; invoked CryptEncrypt on many user documents.'}, {'eid': 'E2', 'etype': 'filesystem', 'text': 'Enumerated documents and rewrote them in-place; many filenames changed post-write.'}, {'eid': 'E3', 'etype': 'other', 'text': 'Displayed a payment instruction message and threatened permanent data loss.'}, {'eid': 'E4', 'etype': 'persistence', 'text': 'Created registry Run key HKCU\\Software\\Microsoft\\Windows\\CurrentVersion\\Run\\sysupdater.'}, {'eid': 'E5', 'etype': 'c2', 'text': 'Issued periodic HTTPS requests to a fixed endpoint consistent with C2 telemetry.'}]",Ransomware,"{'modify_c2': 'Ransomware', 'remove_persistence': 'Ransomware', 'remove_encryption_and_coercion': 'Backdoor'}"
RANSOMWARE_018,Ransomware,"[{'eid': 'E1', 'etype': 'encryption', 'text': 'Encrypted multiple user files using Windows CryptoAPI; high-volume write operations detected.'}, {'eid': 'E2', 'etype': 'filesystem', 'text': 'Created new encrypted copies and removed originals across user directories.'}, {'eid': 'E3', 'etype': 'other', 'text': 'Created README files instructing victims to pay for decryption keys.'}, {'eid': 'E4', 'etype': 'persistence', 'text': 'Created a scheduled task for execution at user logon.'}, {'eid': 'E5', 'etype': 'c2', 'text': 'Outbound HTTPS beaconing to a hard-coded IP address on a non-standard port.'}]",Ransomware,"{'modify_c2': 'Ransomware', 'remove_persistence': 'Ransomware', 'remove_encryption_and_coercion': 'Backdoor'}"
RANSOMWARE_019,Ransomware,"[{'eid': 'E1', 'etype': 'encryption', 'text': 'File contents were transformed with symmetric encryption; encrypted extensions appeared rapidly.'}, {'eid': 'E2', 'etype': 'filesystem', 'text': 'Renamed large numbers of user files with random extensions after modification.'}, {'eid': 'E3', 'etype': 'other', 'text': 'Created README files instructing victims to pay for decryption keys.'}, {'eid': 'E4', 'etype': 'persistence', 'text': 'Created a scheduled task for execution at user logon.'}, {'eid': 'E5', 'etype': 'c2', 'text': 'Issued periodic HTTPS requests to a fixed endpoint consistent with C2 telemetry.'}]",Ransomware,"{'modify_c2': 'Ransomware', 'remove_persistence': 'Ransomware', 'remove_encryption_and_coercion': 'Backdoor'}"
RANSOMWARE_020,Ransomware,"[{'eid': 'E1', 'etype': 'encryption', 'text': 'Repeated file encryption observed; invoked CryptEncrypt on many user documents.'}, {'eid': 'E2', 'etype': 'filesystem', 'text': 'Enumerated documents and rewrote them in-place; many filenames changed post-write.'}, {'eid': 'E3', 'etype': 'other', 'text': 'Dropped a ransom note demanding payment for file recovery.'}, {'eid': 'E4', 'etype': 'persistence', 'text': 'Installed an autostart entry under HKLM\\Software\\Microsoft\\Windows\\CurrentVersion\\Run.'}, {'eid': 'E5', 'etype': 'c2', 'text': 'Contacted a remote server over HTTPS to report host identifiers and encryption status.'}]",Ransomware,"{'modify_c2': 'Ransomware', 'remove_persistence': 'Ransomware', 'remove_encryption_and_coercion': 'Backdoor'}"
RANSOMWARE_021,Ransomware,"[{'eid': 'E1', 'etype': 'encryption', 'text': 'File contents were transformed with symmetric encryption; encrypted extensions appeared rapidly.'}, {'eid': 'E2', 'etype': 'filesystem', 'text': 'Created new encrypted copies and removed originals across user directories.'}, {'eid': 'E3', 'etype': 'other', 'text': 'Created README files instructing victims to pay for decryption keys.'}, {'eid': 'E4', 'etype': 'persistence', 'text': 'Created registry Run key HKCU\\Software\\Microsoft\\Windows\\CurrentVersion\\Run\\sysupdater.'}, {'eid': 'E5', 'etype': 'c2', 'text': 'Issued periodic HTTPS requests to a fixed endpoint consistent with C2 telemetry.'}]",Ransomware,"{'modify_c2': 'Ransomware', 'remove_persistence': 'Ransomware', 'remove_encryption_and_coercion': 'Backdoor'}"
RANSOMWARE_022,Ransomware,"[{'eid': 'E1', 'etype': 'encryption', 'text': 'Encrypted multiple user files using Windows CryptoAPI; high-volume write operations detected.'}, {'eid': 'E2', 'etype': 'filesystem', 'text': 'Renamed large numbers of user files with random extensions after modification.'}, {'eid': 'E3', 'etype': 'other', 'text': 'Dropped a ransom note demanding payment for file recovery.'}, {'eid': 'E4', 'etype': 'persistence', 'text': 'Created registry Run key HKCU\\Software\\Microsoft\\Windows\\CurrentVersion\\Run\\sysupdater.'}, {'eid': 'E5', 'etype': 'c2', 'text': 'Contacted a remote server over HTTPS to report host identifiers and encryption status.'}]",Ransomware,"{'modify_c2': 'Ransomware', 'remove_persistence': 'Ransomware', 'remove_encryption_and_coercion': 'Backdoor'}"
RANSOMWARE_023,Ransomware,"[{'eid': 'E1', 'etype': 'encryption', 'text': 'Encrypted multiple user files using Windows CryptoAPI; high-volume write operations detected.'}, {'eid': 'E2', 'etype': 'filesystem', 'text': 'Renamed large numbers of user files with random extensions after modification.'}, {'eid': 'E3', 'etype': 'other', 'text': 'Displayed a payment instruction message and threatened permanent data loss.'}, {'eid': 'E4', 'etype': 'persistence', 'text': 'Created registry Run key HKCU\\Software\\Microsoft\\Windows\\CurrentVersion\\Run\\sysupdater.'}, {'eid': 'E5', 'etype': 'c2', 'text': 'Issued periodic HTTPS requests to a fixed endpoint consistent with C2 telemetry.'}]",Ransomware,"{'modify_c2': 'Ransomware', 'remove_persistence': 'Ransomware', 'remove_encryption_and_coercion': 'Backdoor'}"
RANSOMWARE_024,Ransomware,"[{'eid': 'E1', 'etype': 'encryption', 'text': 'File contents were transformed with symmetric encryption; encrypted extensions appeared rapidly.'}, {'eid': 'E2', 'etype': 'filesystem', 'text': 'Renamed large numbers of user files with random extensions after modification.'}, {'eid': 'E3', 'etype': 'other', 'text': 'Displayed a payment instruction message and threatened permanent data loss.'}, {'eid': 'E4', 'etype': 'persistence', 'text': 'Created a scheduled task for execution at user logon.'}, {'eid': 'E5', 'etype': 'c2', 'text': 'Contacted a remote server over HTTPS to report host identifiers and encryption status.'}]",Ransomware,"{'modify_c2': 'Ransomware', 'remove_persistence': 'Ransomware', 'remove_encryption_and_coercion': 'Backdoor'}"
RANSOMWARE_025,Ransomware,"[{'eid': 'E1', 'etype': 'encryption', 'text': 'Encrypted multiple user files using Windows CryptoAPI; high-volume write operations detected.'}, {'eid': 'E2', 'etype': 'filesystem', 'text': 'Enumerated documents and rewrote them in-place; many filenames changed post-write.'}, {'eid': 'E3', 'etype': 'other', 'text': 'Created README files instructing victims to pay for decryption keys.'}, {'eid': 'E4', 'etype': 'persistence', 'text': 'Created registry Run key HKCU\\Software\\Microsoft\\Windows\\CurrentVersion\\Run\\sysupdater.'}, {'eid': 'E5', 'etype': 'c2', 'text': 'Contacted a remote server over HTTPS to report host identifiers and encryption status.'}]",Ransomware,"{'modify_c2': 'Ransomware', 'remove_persistence': 'Ransomware', 'remove_encryption_and_coercion': 'Backdoor'}"
INFOSTEALER_001,Infostealer,"[{'eid': 'E1', 'etype': 'credential_access', 'text': 'Accessed browser credential stores and attempted to extract saved passwords.'}, {'eid': 'E2', 'etype': 'other', 'text': 'Collected cookies, session tokens, and autofill data from browser storage.'}, {'eid': 'E3', 'etype': 'exfiltration', 'text': 'Posted an archive of collected artifacts to a remote endpoint over HTTP.'}, {'eid': 'E4', 'etype': 'persistence', 'text': 'Installed a user-level autostart entry for persistence.'}, {'eid': 'E5', 'etype': 'c2', 'text': 'Queried a remote endpoint for configuration and exfil destinations.'}]",Infostealer,"{'modify_c2': 'Infostealer', 'remove_persistence': 'Infostealer', 'remove_credential_access': 'Benign'}"
INFOSTEALER_002,Infostealer,"[{'eid': 'E1', 'etype': 'credential_access', 'text': 'Read login data from Chromium profile directories; queried credential databases.'}, {'eid': 'E2', 'etype': 'other', 'text': 'Searched for credential artifacts and staged them into a temporary archive.'}, {'eid': 'E3', 'etype': 'exfiltration', 'text': 'Posted an archive of collected artifacts to a remote endpoint over HTTP.'}, {'eid': 'E4', 'etype': 'persistence', 'text': 'Added a Run key for periodic execution.'}, {'eid': 'E5', 'etype': 'c2', 'text': 'Queried a remote endpoint for configuration and exfil destinations.'}]",Infostealer,"{'modify_c2': 'Infostealer', 'remove_persistence': 'Infostealer', 'remove_credential_access': 'Benign'}"
INFOSTEALER_003,Infostealer,"[{'eid': 'E1', 'etype': 'credential_access', 'text': 'Read login data from Chromium profile directories; queried credential databases.'}, {'eid': 'E2', 'etype': 'other', 'text': 'Enumerated local files for common secrets (wallets, tokens) and staged them for upload.'}, {'eid': 'E3', 'etype': 'exfiltration', 'text': 'Compressed collected data and transmitted via HTTP multipart POST to an external endpoint.'}, {'eid': 'E4', 'etype': 'persistence', 'text': 'Created a scheduled task to execute every 30 minutes.'}, {'eid': 'E5', 'etype': 'c2', 'text': 'Queried a remote endpoint for configuration and exfil destinations.'}]",Infostealer,"{'modify_c2': 'Infostealer', 'remove_persistence': 'Infostealer', 'remove_credential_access': 'Benign'}"
INFOSTEALER_004,Infostealer,"[{'eid': 'E1', 'etype': 'credential_access', 'text': 'Read login data from Chromium profile directories; queried credential databases.'}, {'eid': 'E2', 'etype': 'other', 'text': 'Collected cookies, session tokens, and autofill data from browser storage.'}, {'eid': 'E3', 'etype': 'exfiltration', 'text': 'Compressed collected data and transmitted via HTTP multipart POST to an external endpoint.'}, {'eid': 'E4', 'etype': 'persistence', 'text': 'Created a scheduled task to execute every 30 minutes.'}, {'eid': 'E5', 'etype': 'c2', 'text': 'Connected to a remote endpoint to fetch exfiltration parameters and upload paths.'}]",Infostealer,"{'modify_c2': 'Infostealer', 'remove_persistence': 'Infostealer', 'remove_credential_access': 'Benign'}"
INFOSTEALER_005,Infostealer,"[{'eid': 'E1', 'etype': 'credential_access', 'text': 'Enumerated browser profiles and attempted to decrypt stored credentials.'}, {'eid': 'E2', 'etype': 'other', 'text': 'Collected cookies, session tokens, and autofill data from browser storage.'}, {'eid': 'E3', 'etype': 'exfiltration', 'text': 'Posted an archive of collected artifacts to a remote endpoint over HTTP.'}, {'eid': 'E4', 'etype': 'persistence', 'text': 'Added a Run key for periodic execution.'}, {'eid': 'E5', 'etype': 'c2', 'text': 'Queried a remote endpoint for configuration and exfil destinations.'}]",Infostealer,"{'modify_c2': 'Infostealer', 'remove_persistence': 'Infostealer', 'remove_credential_access': 'Benign'}"
INFOSTEALER_006,Infostealer,"[{'eid': 'E1', 'etype': 'credential_access', 'text': 'Accessed browser credential stores and attempted to extract saved passwords.'}, {'eid': 'E2', 'etype': 'other', 'text': 'Enumerated local files for common secrets (wallets, tokens) and staged them for upload.'}, {'eid': 'E3', 'etype': 'exfiltration', 'text': 'Uploaded staged archives via HTTPS POST; payload contained credential-related artifacts.'}, {'eid': 'E4', 'etype': 'persistence', 'text': 'Installed a user-level autostart entry for persistence.'}, {'eid': 'E5', 'etype': 'c2', 'text': 'Issued periodic requests to a controller endpoint to obtain tasking and upload URLs.'}]",Infostealer,"{'modify_c2': 'Infostealer', 'remove_persistence': 'Infostealer', 'remove_credential_access': 'Benign'}"
INFOSTEALER_007,Infostealer,"[{'eid': 'E1', 'etype': 'credential_access', 'text': 'Enumerated browser profiles and attempted to decrypt stored credentials.'}, {'eid': 'E2', 'etype': 'other', 'text': 'Enumerated local files for common secrets (wallets, tokens) and staged them for upload.'}, {'eid': 'E3', 'etype': 'exfiltration', 'text': 'Posted an archive of collected artifacts to a remote endpoint over HTTP.'}, {'eid': 'E4', 'etype': 'persistence', 'text': 'Created a scheduled task to execute every 30 minutes.'}, {'eid': 'E5', 'etype': 'c2', 'text': 'Queried a remote endpoint for configuration and exfil destinations.'}]",Infostealer,"{'modify_c2': 'Infostealer', 'remove_persistence': 'Infostealer', 'remove_credential_access': 'Benign'}"
INFOSTEALER_008,Infostealer,"[{'eid': 'E1', 'etype': 'credential_access', 'text': 'Enumerated browser profiles and attempted to decrypt stored credentials.'}, {'eid': 'E2', 'etype': 'other', 'text': 'Collected cookies, session tokens, and autofill data from browser storage.'}, {'eid': 'E3', 'etype': 'exfiltration', 'text': 'Posted an archive of collected artifacts to a remote endpoint over HTTP.'}, {'eid': 'E4', 'etype': 'persistence', 'text': 'Installed a user-level autostart entry for persistence.'}, {'eid': 'E5', 'etype': 'c2', 'text': 'Issued periodic requests to a controller endpoint to obtain tasking and upload URLs.'}]",Infostealer,"{'modify_c2': 'Infostealer', 'remove_persistence': 'Infostealer', 'remove_credential_access': 'Benign'}"
INFOSTEALER_009,Infostealer,"[{'eid': 'E1', 'etype': 'credential_access', 'text': 'Enumerated browser profiles and attempted to decrypt stored credentials.'}, {'eid': 'E2', 'etype': 'other', 'text': 'Enumerated local files for common secrets (wallets, tokens) and staged them for upload.'}, {'eid': 'E3', 'etype': 'exfiltration', 'text': 'Compressed collected data and transmitted via HTTP multipart POST to an external endpoint.'}, {'eid': 'E4', 'etype': 'persistence', 'text': 'Added a Run key for periodic execution.'}, {'eid': 'E5', 'etype': 'c2', 'text': 'Issued periodic requests to a controller endpoint to obtain tasking and upload URLs.'}]",Infostealer,"{'modify_c2': 'Infostealer', 'remove_persistence': 'Infostealer', 'remove_credential_access': 'Benign'}"
INFOSTEALER_010,Infostealer,"[{'eid': 'E1', 'etype': 'credential_access', 'text': 'Accessed browser credential stores and attempted to extract saved passwords.'}, {'eid': 'E2', 'etype': 'other', 'text': 'Enumerated local files for common secrets (wallets, tokens) and staged them for upload.'}, {'eid': 'E3', 'etype': 'exfiltration', 'text': 'Compressed collected data and transmitted via HTTP multipart POST to an external endpoint.'}, {'eid': 'E4', 'etype': 'persistence', 'text': 'Installed a user-level autostart entry for persistence.'}, {'eid': 'E5', 'etype': 'c2', 'text': 'Queried a remote endpoint for configuration and exfil destinations.'}]",Infostealer,"{'modify_c2': 'Infostealer', 'remove_persistence': 'Infostealer', 'remove_credential_access': 'Benign'}"
INFOSTEALER_011,Infostealer,"[{'eid': 'E1', 'etype': 'credential_access', 'text': 'Read login data from Chromium profile directories; queried credential databases.'}, {'eid': 'E2', 'etype': 'other', 'text': 'Searched for credential artifacts and staged them into a temporary archive.'}, {'eid': 'E3', 'etype': 'exfiltration', 'text': 'Compressed collected data and transmitted via HTTP multipart POST to an external endpoint.'}, {'eid': 'E4', 'etype': 'persistence', 'text': 'Installed a user-level autostart entry for persistence.'}, {'eid': 'E5', 'etype': 'c2', 'text': 'Connected to a remote endpoint to fetch exfiltration parameters and upload paths.'}]",Infostealer,"{'modify_c2': 'Infostealer', 'remove_persistence': 'Infostealer', 'remove_credential_access': 'Benign'}"
INFOSTEALER_012,Infostealer,"[{'eid': 'E1', 'etype': 'credential_access', 'text': 'Enumerated browser profiles and attempted to decrypt stored credentials.'}, {'eid': 'E2', 'etype': 'other', 'text': 'Enumerated local files for common secrets (wallets, tokens) and staged them for upload.'}, {'eid': 'E3', 'etype': 'exfiltration', 'text': 'Posted an archive of collected artifacts to a remote endpoint over HTTP.'}, {'eid': 'E4', 'etype': 'persistence', 'text': 'Installed a user-level autostart entry for persistence.'}, {'eid': 'E5', 'etype': 'c2', 'text': 'Queried a remote endpoint for configuration and exfil destinations.'}]",Infostealer,"{'modify_c2': 'Infostealer', 'remove_persistence': 'Infostealer', 'remove_credential_access': 'Benign'}"
INFOSTEALER_013,Infostealer,"[{'eid': 'E1', 'etype': 'credential_access', 'text': 'Accessed browser credential stores and attempted to extract saved passwords.'}, {'eid': 'E2', 'etype': 'other', 'text': 'Collected cookies, session tokens, and autofill data from browser storage.'}, {'eid': 'E3', 'etype': 'exfiltration', 'text': 'Uploaded staged archives via HTTPS POST; payload contained credential-related artifacts.'}, {'eid': 'E4', 'etype': 'persistence', 'text': 'Created a scheduled task to execute every 30 minutes.'}, {'eid': 'E5', 'etype': 'c2', 'text': 'Queried a remote endpoint for configuration and exfil destinations.'}]",Infostealer,"{'modify_c2': 'Infostealer', 'remove_persistence': 'Infostealer', 'remove_credential_access': 'Benign'}"
INFOSTEALER_014,Infostealer,"[{'eid': 'E1', 'etype': 'credential_access', 'text': 'Enumerated browser profiles and attempted to decrypt stored credentials.'}, {'eid': 'E2', 'etype': 'other', 'text': 'Collected cookies, session tokens, and autofill data from browser storage.'}, {'eid': 'E3', 'etype': 'exfiltration', 'text': 'Posted an archive of collected artifacts to a remote endpoint over HTTP.'}, {'eid': 'E4', 'etype': 'persistence', 'text': 'Added a Run key for periodic execution.'}, {'eid': 'E5', 'etype': 'c2', 'text': 'Issued periodic requests to a controller endpoint to obtain tasking and upload URLs.'}]",Infostealer,"{'modify_c2': 'Infostealer', 'remove_persistence': 'Infostealer', 'remove_credential_access': 'Benign'}"
INFOSTEALER_015,Infostealer,"[{'eid': 'E1', 'etype': 'credential_access', 'text': 'Accessed browser credential stores and attempted to extract saved passwords.'}, {'eid': 'E2', 'etype': 'other', 'text': 'Collected cookies, session tokens, and autofill data from browser storage.'}, {'eid': 'E3', 'etype': 'exfiltration', 'text': 'Uploaded staged archives via HTTPS POST; payload contained credential-related artifacts.'}, {'eid': 'E4', 'etype': 'persistence', 'text': 'Added a Run key for periodic execution.'}, {'eid': 'E5', 'etype': 'c2', 'text': 'Connected to a remote endpoint to fetch exfiltration parameters and upload paths.'}]",Infostealer,"{'modify_c2': 'Infostealer', 'remove_persistence': 'Infostealer', 'remove_credential_access': 'Benign'}"
INFOSTEALER_016,Infostealer,"[{'eid': 'E1', 'etype': 'credential_access', 'text': 'Accessed browser credential stores and attempted to extract saved passwords.'}, {'eid': 'E2', 'etype': 'other', 'text': 'Collected cookies, session tokens, and autofill data from browser storage.'}, {'eid': 'E3', 'etype': 'exfiltration', 'text': 'Posted an archive of collected artifacts to a remote endpoint over HTTP.'}, {'eid': 'E4', 'etype': 'persistence', 'text': 'Created a scheduled task to execute every 30 minutes.'}, {'eid': 'E5', 'etype': 'c2', 'text': 'Connected to a remote endpoint to fetch exfiltration parameters and upload paths.'}]",Infostealer,"{'modify_c2': 'Infostealer', 'remove_persistence': 'Infostealer', 'remove_credential_access': 'Benign'}"
INFOSTEALER_017,Infostealer,"[{'eid': 'E1', 'etype': 'credential_access', 'text': 'Enumerated browser profiles and attempted to decrypt stored credentials.'}, {'eid': 'E2', 'etype': 'other', 'text': 'Enumerated local files for common secrets (wallets, tokens) and staged them for upload.'}, {'eid': 'E3', 'etype': 'exfiltration', 'text': 'Compressed collected data and transmitted via HTTP multipart POST to an external endpoint.'}, {'eid': 'E4', 'etype': 'persistence', 'text': 'Installed a user-level autostart entry for persistence.'}, {'eid': 'E5', 'etype': 'c2', 'text': 'Connected to a remote endpoint to fetch exfiltration parameters and upload paths.'}]",Infostealer,"{'modify_c2': 'Infostealer', 'remove_persistence': 'Infostealer', 'remove_credential_access': 'Benign'}"
INFOSTEALER_018,Infostealer,"[{'eid': 'E1', 'etype': 'credential_access', 'text': 'Accessed browser credential stores and attempted to extract saved passwords.'}, {'eid': 'E2', 'etype': 'other', 'text': 'Searched for credential artifacts and staged them into a temporary archive.'}, {'eid': 'E3', 'etype': 'exfiltration', 'text': 'Uploaded staged archives via HTTPS POST; payload contained credential-related artifacts.'}, {'eid': 'E4', 'etype': 'persistence', 'text': 'Installed a user-level autostart entry for persistence.'}, {'eid': 'E5', 'etype': 'c2', 'text': 'Connected to a remote endpoint to fetch exfiltration parameters and upload paths.'}]",Infostealer,"{'modify_c2': 'Infostealer', 'remove_persistence': 'Infostealer', 'remove_credential_access': 'Benign'}"
INFOSTEALER_019,Infostealer,"[{'eid': 'E1', 'etype': 'credential_access', 'text': 'Read login data from Chromium profile directories; queried credential databases.'}, {'eid': 'E2', 'etype': 'other', 'text': 'Searched for credential artifacts and staged them into a temporary archive.'}, {'eid': 'E3', 'etype': 'exfiltration', 'text': 'Posted an archive of collected artifacts to a remote endpoint over HTTP.'}, {'eid': 'E4', 'etype': 'persistence', 'text': 'Added a Run key for periodic execution.'}, {'eid': 'E5', 'etype': 'c2', 'text': 'Connected to a remote endpoint to fetch exfiltration parameters and upload paths.'}]",Infostealer,"{'modify_c2': 'Infostealer', 'remove_persistence': 'Infostealer', 'remove_credential_access': 'Benign'}"
INFOSTEALER_020,Infostealer,"[{'eid': 'E1', 'etype': 'credential_access', 'text': 'Enumerated browser profiles and attempted to decrypt stored credentials.'}, {'eid': 'E2', 'etype': 'other', 'text': 'Searched for credential artifacts and staged them into a temporary archive.'}, {'eid': 'E3', 'etype': 'exfiltration', 'text': 'Posted an archive of collected artifacts to a remote endpoint over HTTP.'}, {'eid': 'E4', 'etype': 'persistence', 'text': 'Created a scheduled task to execute every 30 minutes.'}, {'eid': 'E5', 'etype': 'c2', 'text': 'Queried a remote endpoint for configuration and exfil destinations.'}]",Infostealer,"{'modify_c2': 'Infostealer', 'remove_persistence': 'Infostealer', 'remove_credential_access': 'Benign'}"
INFOSTEALER_021,Infostealer,"[{'eid': 'E1', 'etype': 'credential_access', 'text': 'Read login data from Chromium profile directories; queried credential databases.'}, {'eid': 'E2', 'etype': 'other', 'text': 'Enumerated local files for common secrets (wallets, tokens) and staged them for upload.'}, {'eid': 'E3', 'etype': 'exfiltration', 'text': 'Posted an archive of collected artifacts to a remote endpoint over HTTP.'}, {'eid': 'E4', 'etype': 'persistence', 'text': 'Installed a user-level autostart entry for persistence.'}, {'eid': 'E5', 'etype': 'c2', 'text': 'Issued periodic requests to a controller endpoint to obtain tasking and upload URLs.'}]",Infostealer,"{'modify_c2': 'Infostealer', 'remove_persistence': 'Infostealer', 'remove_credential_access': 'Benign'}"
INFOSTEALER_022,Infostealer,"[{'eid': 'E1', 'etype': 'credential_access', 'text': 'Read login data from Chromium profile directories; queried credential databases.'}, {'eid': 'E2', 'etype': 'other', 'text': 'Searched for credential artifacts and staged them into a temporary archive.'}, {'eid': 'E3', 'etype': 'exfiltration', 'text': 'Uploaded staged archives via HTTPS POST; payload contained credential-related artifacts.'}, {'eid': 'E4', 'etype': 'persistence', 'text': 'Created a scheduled task to execute every 30 minutes.'}, {'eid': 'E5', 'etype': 'c2', 'text': 'Connected to a remote endpoint to fetch exfiltration parameters and upload paths.'}]",Infostealer,"{'modify_c2': 'Infostealer', 'remove_persistence': 'Infostealer', 'remove_credential_access': 'Benign'}"
INFOSTEALER_023,Infostealer,"[{'eid': 'E1', 'etype': 'credential_access', 'text': 'Accessed browser credential stores and attempted to extract saved passwords.'}, {'eid': 'E2', 'etype': 'other', 'text': 'Collected cookies, session tokens, and autofill data from browser storage.'}, {'eid': 'E3', 'etype': 'exfiltration', 'text': 'Uploaded staged archives via HTTPS POST; payload contained credential-related artifacts.'}, {'eid': 'E4', 'etype': 'persistence', 'text': 'Created a scheduled task to execute every 30 minutes.'}, {'eid': 'E5', 'etype': 'c2', 'text': 'Queried a remote endpoint for configuration and exfil destinations.'}]",Infostealer,"{'modify_c2': 'Infostealer', 'remove_persistence': 'Infostealer', 'remove_credential_access': 'Benign'}"
INFOSTEALER_024,Infostealer,"[{'eid': 'E1', 'etype': 'credential_access', 'text': 'Enumerated browser profiles and attempted to decrypt stored credentials.'}, {'eid': 'E2', 'etype': 'other', 'text': 'Collected cookies, session tokens, and autofill data from browser storage.'}, {'eid': 'E3', 'etype': 'exfiltration', 'text': 'Posted an archive of collected artifacts to a remote endpoint over HTTP.'}, {'eid': 'E4', 'etype': 'persistence', 'text': 'Created a scheduled task to execute every 30 minutes.'}, {'eid': 'E5', 'etype': 'c2', 'text': 'Connected to a remote endpoint to fetch exfiltration parameters and upload paths.'}]",Infostealer,"{'modify_c2': 'Infostealer', 'remove_persistence': 'Infostealer', 'remove_credential_access': 'Benign'}"
INFOSTEALER_025,Infostealer,"[{'eid': 'E1', 'etype': 'credential_access', 'text': 'Accessed browser credential stores and attempted to extract saved passwords.'}, {'eid': 'E2', 'etype': 'other', 'text': 'Searched for credential artifacts and staged them into a temporary archive.'}, {'eid': 'E3', 'etype': 'exfiltration', 'text': 'Posted an archive of collected artifacts to a remote endpoint over HTTP.'}, {'eid': 'E4', 'etype': 'persistence', 'text': 'Created a scheduled task to execute every 30 minutes.'}, {'eid': 'E5', 'etype': 'c2', 'text': 'Connected to a remote endpoint to fetch exfiltration parameters and upload paths.'}]",Infostealer,"{'modify_c2': 'Infostealer', 'remove_persistence': 'Infostealer', 'remove_credential_access': 'Benign'}"
BACKDOOR_001,Backdoor,"[{'eid': 'E1', 'etype': 'c2', 'text': 'Maintained a persistent connection to a remote command-and-control server.'}, {'eid': 'E2', 'etype': 'persistence', 'text': 'Installed a service configured to start automatically at boot.'}, {'eid': 'E3', 'etype': 'privilege', 'text': 'Tried to elevate privileges using process injection and token impersonation.'}, {'eid': 'E4', 'etype': 'other', 'text': 'Executed system commands received from the remote endpoint.'}, {'eid': 'E5', 'etype': 'filesystem', 'text': 'Created a hidden copy of an executable under user profile directories.'}]",Backdoor,"{'modify_c2': 'Backdoor', 'remove_persistence': 'Backdoor', 'remove_c2': 'Generic Malware'}"
BACKDOOR_002,Backdoor,"[{'eid': 'E1', 'etype': 'c2', 'text': 'Maintained a persistent connection to a remote command-and-control server.'}, {'eid': 'E2', 'etype': 'persistence', 'text': 'Created an autostart entry and configured it for persistence.'}, {'eid': 'E3', 'etype': 'privilege', 'text': 'Performed privilege escalation attempts consistent with maintaining control.'}, {'eid': 'E4', 'etype': 'other', 'text': 'Spawned command shells to run remote instructions.'}, {'eid': 'E5', 'etype': 'filesystem', 'text': 'Dropped an implant binary into an application data directory.'}]",Backdoor,"{'modify_c2': 'Backdoor', 'remove_persistence': 'Backdoor', 'remove_c2': 'Generic Malware'}"
BACKDOOR_003,Backdoor,"[{'eid': 'E1', 'etype': 'c2', 'text': 'Opened a long-lived connection consistent with remote access C2 behavior.'}, {'eid': 'E2', 'etype': 'persistence', 'text': 'Installed a service configured to start automatically at boot.'}, {'eid': 'E3', 'etype': 'privilege', 'text': 'Performed privilege escalation attempts consistent with maintaining control.'}, {'eid': 'E4', 'etype': 'other', 'text': 'Launched processes consistent with remote operator tasking.'}, {'eid': 'E5', 'etype': 'filesystem', 'text': 'Created a hidden copy of an executable under user profile directories.'}]",Backdoor,"{'modify_c2': 'Backdoor', 'remove_persistence': 'Backdoor', 'remove_c2': 'Generic Malware'}"
BACKDOOR_004,Backdoor,"[{'eid': 'E1', 'etype': 'c2', 'text': 'Established a beaconing channel and awaited remote commands.'}, {'eid': 'E2', 'etype': 'persistence', 'text': 'Installed a service configured to start automatically at boot.'}, {'eid': 'E3', 'etype': 'privilege', 'text': 'Tried to elevate privileges using process injection and token impersonation.'}, {'eid': 'E4', 'etype': 'other', 'text': 'Spawned command shells to run remote instructions.'}, {'eid': 'E5', 'etype': 'filesystem', 'text': 'Dropped an implant binary into an application data directory.'}]",Backdoor,"{'modify_c2': 'Backdoor', 'remove_persistence': 'Backdoor', 'remove_c2': 'Generic Malware'}"
BACKDOOR_005,Backdoor,"[{'eid': 'E1', 'etype': 'c2', 'text': 'Maintained a persistent connection to a remote command-and-control server.'}, {'eid': 'E2', 'etype': 'persistence', 'text': 'Installed a service configured to start automatically at boot.'}, {'eid': 'E3', 'etype': 'privilege', 'text': 'Performed privilege escalation attempts consistent with maintaining control.'}, {'eid': 'E4', 'etype': 'other', 'text': 'Spawned command shells to run remote instructions.'}, {'eid': 'E5', 'etype': 'filesystem', 'text': 'Wrote a secondary payload to disk and executed it.'}]",Backdoor,"{'modify_c2': 'Backdoor', 'remove_persistence': 'Backdoor', 'remove_c2': 'Generic Malware'}"
BACKDOOR_006,Backdoor,"[{'eid': 'E1', 'etype': 'c2', 'text': 'Established a beaconing channel and awaited remote commands.'}, {'eid': 'E2', 'etype': 'persistence', 'text': 'Created an autostart entry and configured it for persistence.'}, {'eid': 'E3', 'etype': 'privilege', 'text': 'Tried to elevate privileges using process injection and token impersonation.'}, {'eid': 'E4', 'etype': 'other', 'text': 'Launched processes consistent with remote operator tasking.'}, {'eid': 'E5', 'etype': 'filesystem', 'text': 'Dropped an implant binary into an application data directory.'}]",Backdoor,"{'modify_c2': 'Backdoor', 'remove_persistence': 'Backdoor', 'remove_c2': 'Generic Malware'}"
BACKDOOR_007,Backdoor,"[{'eid': 'E1', 'etype': 'c2', 'text': 'Opened a long-lived connection consistent with remote access C2 behavior.'}, {'eid': 'E2', 'etype': 'persistence', 'text': 'Deployed a startup mechanism to ensure the implant runs after reboot.'}, {'eid': 'E3', 'etype': 'privilege', 'text': 'Performed privilege escalation attempts consistent with maintaining control.'}, {'eid': 'E4', 'etype': 'other', 'text': 'Executed system commands received from the remote endpoint.'}, {'eid': 'E5', 'etype': 'filesystem', 'text': 'Dropped an implant binary into an application data directory.'}]",Backdoor,"{'modify_c2': 'Backdoor', 'remove_persistence': 'Backdoor', 'remove_c2': 'Generic Malware'}"
BACKDOOR_008,Backdoor,"[{'eid': 'E1', 'etype': 'c2', 'text': 'Established a beaconing channel and awaited remote commands.'}, {'eid': 'E2', 'etype': 'persistence', 'text': 'Deployed a startup mechanism to ensure the implant runs after reboot.'}, {'eid': 'E3', 'etype': 'privilege', 'text': 'Tried to elevate privileges using process injection and token impersonation.'}, {'eid': 'E4', 'etype': 'other', 'text': 'Executed system commands received from the remote endpoint.'}, {'eid': 'E5', 'etype': 'filesystem', 'text': 'Dropped an implant binary into an application data directory.'}]",Backdoor,"{'modify_c2': 'Backdoor', 'remove_persistence': 'Backdoor', 'remove_c2': 'Generic Malware'}"
BACKDOOR_009,Backdoor,"[{'eid': 'E1', 'etype': 'c2', 'text': 'Maintained a persistent connection to a remote command-and-control server.'}, {'eid': 'E2', 'etype': 'persistence', 'text': 'Installed a service configured to start automatically at boot.'}, {'eid': 'E3', 'etype': 'privilege', 'text': 'Performed privilege escalation attempts consistent with maintaining control.'}, {'eid': 'E4', 'etype': 'other', 'text': 'Spawned command shells to run remote instructions.'}, {'eid': 'E5', 'etype': 'filesystem', 'text': 'Dropped an implant binary into an application data directory.'}]",Backdoor,"{'modify_c2': 'Backdoor', 'remove_persistence': 'Backdoor', 'remove_c2': 'Generic Malware'}"
BACKDOOR_010,Backdoor,"[{'eid': 'E1', 'etype': 'c2', 'text': 'Established a beaconing channel and awaited remote commands.'}, {'eid': 'E2', 'etype': 'persistence', 'text': 'Installed a service configured to start automatically at boot.'}, {'eid': 'E3', 'etype': 'privilege', 'text': 'Tried to elevate privileges using process injection and token impersonation.'}, {'eid': 'E4', 'etype': 'other', 'text': 'Spawned command shells to run remote instructions.'}, {'eid': 'E5', 'etype': 'filesystem', 'text': 'Dropped an implant binary into an application data directory.'}]",Backdoor,"{'modify_c2': 'Backdoor', 'remove_persistence': 'Backdoor', 'remove_c2': 'Generic Malware'}"
BACKDOOR_011,Backdoor,"[{'eid': 'E1', 'etype': 'c2', 'text': 'Maintained a persistent connection to a remote command-and-control server.'}, {'eid': 'E2', 'etype': 'persistence', 'text': 'Created an autostart entry and configured it for persistence.'}, {'eid': 'E3', 'etype': 'privilege', 'text': 'Performed privilege escalation attempts consistent with maintaining control.'}, {'eid': 'E4', 'etype': 'other', 'text': 'Executed system commands received from the remote endpoint.'}, {'eid': 'E5', 'etype': 'filesystem', 'text': 'Dropped an implant binary into an application data directory.'}]",Backdoor,"{'modify_c2': 'Backdoor', 'remove_persistence': 'Backdoor', 'remove_c2': 'Generic Malware'}"
BACKDOOR_012,Backdoor,"[{'eid': 'E1', 'etype': 'c2', 'text': 'Opened a long-lived connection consistent with remote access C2 behavior.'}, {'eid': 'E2', 'etype': 'persistence', 'text': 'Deployed a startup mechanism to ensure the implant runs after reboot.'}, {'eid': 'E3', 'etype': 'privilege', 'text': 'Attempted privilege escalation via token manipulation.'}, {'eid': 'E4', 'etype': 'other', 'text': 'Executed system commands received from the remote endpoint.'}, {'eid': 'E5', 'etype': 'filesystem', 'text': 'Dropped an implant binary into an application data directory.'}]",Backdoor,"{'modify_c2': 'Backdoor', 'remove_persistence': 'Backdoor', 'remove_c2': 'Generic Malware'}"
BACKDOOR_013,Backdoor,"[{'eid': 'E1', 'etype': 'c2', 'text': 'Maintained a persistent connection to a remote command-and-control server.'}, {'eid': 'E2', 'etype': 'persistence', 'text': 'Created an autostart entry and configured it for persistence.'}, {'eid': 'E3', 'etype': 'privilege', 'text': 'Tried to elevate privileges using process injection and token impersonation.'}, {'eid': 'E4', 'etype': 'other', 'text': 'Spawned command shells to run remote instructions.'}, {'eid': 'E5', 'etype': 'filesystem', 'text': 'Dropped an implant binary into an application data directory.'}]",Backdoor,"{'modify_c2': 'Backdoor', 'remove_persistence': 'Backdoor', 'remove_c2': 'Generic Malware'}"
BACKDOOR_014,Backdoor,"[{'eid': 'E1', 'etype': 'c2', 'text': 'Established a beaconing channel and awaited remote commands.'}, {'eid': 'E2', 'etype': 'persistence', 'text': 'Installed a service configured to start automatically at boot.'}, {'eid': 'E3', 'etype': 'privilege', 'text': 'Attempted privilege escalation via token manipulation.'}, {'eid': 'E4', 'etype': 'other', 'text': 'Spawned command shells to run remote instructions.'}, {'eid': 'E5', 'etype': 'filesystem', 'text': 'Dropped an implant binary into an application data directory.'}]",Backdoor,"{'modify_c2': 'Backdoor', 'remove_persistence': 'Backdoor', 'remove_c2': 'Generic Malware'}"
BACKDOOR_015,Backdoor,"[{'eid': 'E1', 'etype': 'c2', 'text': 'Established a beaconing channel and awaited remote commands.'}, {'eid': 'E2', 'etype': 'persistence', 'text': 'Created an autostart entry and configured it for persistence.'}, {'eid': 'E3', 'etype': 'privilege', 'text': 'Tried to elevate privileges using process injection and token impersonation.'}, {'eid': 'E4', 'etype': 'other', 'text': 'Spawned command shells to run remote instructions.'}, {'eid': 'E5', 'etype': 'filesystem', 'text': 'Wrote a secondary payload to disk and executed it.'}]",Backdoor,"{'modify_c2': 'Backdoor', 'remove_persistence': 'Backdoor', 'remove_c2': 'Generic Malware'}"
BACKDOOR_016,Backdoor,"[{'eid': 'E1', 'etype': 'c2', 'text': 'Opened a long-lived connection consistent with remote access C2 behavior.'}, {'eid': 'E2', 'etype': 'persistence', 'text': 'Deployed a startup mechanism to ensure the implant runs after reboot.'}, {'eid': 'E3', 'etype': 'privilege', 'text': 'Performed privilege escalation attempts consistent with maintaining control.'}, {'eid': 'E4', 'etype': 'other', 'text': 'Launched processes consistent with remote operator tasking.'}, {'eid': 'E5', 'etype': 'filesystem', 'text': 'Created a hidden copy of an executable under user profile directories.'}]",Backdoor,"{'modify_c2': 'Backdoor', 'remove_persistence': 'Backdoor', 'remove_c2': 'Generic Malware'}"
BACKDOOR_017,Backdoor,"[{'eid': 'E1', 'etype': 'c2', 'text': 'Established a beaconing channel and awaited remote commands.'}, {'eid': 'E2', 'etype': 'persistence', 'text': 'Installed a service configured to start automatically at boot.'}, {'eid': 'E3', 'etype': 'privilege', 'text': 'Attempted privilege escalation via token manipulation.'}, {'eid': 'E4', 'etype': 'other', 'text': 'Spawned command shells to run remote instructions.'}, {'eid': 'E5', 'etype': 'filesystem', 'text': 'Dropped an implant binary into an application data directory.'}]",Backdoor,"{'modify_c2': 'Backdoor', 'remove_persistence': 'Backdoor', 'remove_c2': 'Generic Malware'}"
BACKDOOR_018,Backdoor,"[{'eid': 'E1', 'etype': 'c2', 'text': 'Maintained a persistent connection to a remote command-and-control server.'}, {'eid': 'E2', 'etype': 'persistence', 'text': 'Deployed a startup mechanism to ensure the implant runs after reboot.'}, {'eid': 'E3', 'etype': 'privilege', 'text': 'Performed privilege escalation attempts consistent with maintaining control.'}, {'eid': 'E4', 'etype': 'other', 'text': 'Launched processes consistent with remote operator tasking.'}, {'eid': 'E5', 'etype': 'filesystem', 'text': 'Dropped an implant binary into an application data directory.'}]",Backdoor,"{'modify_c2': 'Backdoor', 'remove_persistence': 'Backdoor', 'remove_c2': 'Generic Malware'}"
BACKDOOR_019,Backdoor,"[{'eid': 'E1', 'etype': 'c2', 'text': 'Opened a long-lived connection consistent with remote access C2 behavior.'}, {'eid': 'E2', 'etype': 'persistence', 'text': 'Created an autostart entry and configured it for persistence.'}, {'eid': 'E3', 'etype': 'privilege', 'text': 'Attempted privilege escalation via token manipulation.'}, {'eid': 'E4', 'etype': 'other', 'text': 'Executed system commands received from the remote endpoint.'}, {'eid': 'E5', 'etype': 'filesystem', 'text': 'Created a hidden copy of an executable under user profile directories.'}]",Backdoor,"{'modify_c2': 'Backdoor', 'remove_persistence': 'Backdoor', 'remove_c2': 'Generic Malware'}"
BACKDOOR_020,Backdoor,"[{'eid': 'E1', 'etype': 'c2', 'text': 'Established a beaconing channel and awaited remote commands.'}, {'eid': 'E2', 'etype': 'persistence', 'text': 'Deployed a startup mechanism to ensure the implant runs after reboot.'}, {'eid': 'E3', 'etype': 'privilege', 'text': 'Performed privilege escalation attempts consistent with maintaining control.'}, {'eid': 'E4', 'etype': 'other', 'text': 'Executed system commands received from the remote endpoint.'}, {'eid': 'E5', 'etype': 'filesystem', 'text': 'Dropped an implant binary into an application data directory.'}]",Backdoor,"{'modify_c2': 'Backdoor', 'remove_persistence': 'Backdoor', 'remove_c2': 'Generic Malware'}"
BACKDOOR_021,Backdoor,"[{'eid': 'E1', 'etype': 'c2', 'text': 'Opened a long-lived connection consistent with remote access C2 behavior.'}, {'eid': 'E2', 'etype': 'persistence', 'text': 'Installed a service configured to start automatically at boot.'}, {'eid': 'E3', 'etype': 'privilege', 'text': 'Attempted privilege escalation via token manipulation.'}, {'eid': 'E4', 'etype': 'other', 'text': 'Executed system commands received from the remote endpoint.'}, {'eid': 'E5', 'etype': 'filesystem', 'text': 'Created a hidden copy of an executable under user profile directories.'}]",Backdoor,"{'modify_c2': 'Backdoor', 'remove_persistence': 'Backdoor', 'remove_c2': 'Generic Malware'}"
BACKDOOR_022,Backdoor,"[{'eid': 'E1', 'etype': 'c2', 'text': 'Maintained a persistent connection to a remote command-and-control server.'}, {'eid': 'E2', 'etype': 'persistence', 'text': 'Deployed a startup mechanism to ensure the implant runs after reboot.'}, {'eid': 'E3', 'etype': 'privilege', 'text': 'Attempted privilege escalation via token manipulation.'}, {'eid': 'E4', 'etype': 'other', 'text': 'Spawned command shells to run remote instructions.'}, {'eid': 'E5', 'etype': 'filesystem', 'text': 'Dropped an implant binary into an application data directory.'}]",Backdoor,"{'modify_c2': 'Backdoor', 'remove_persistence': 'Backdoor', 'remove_c2': 'Generic Malware'}"
BACKDOOR_023,Backdoor,"[{'eid': 'E1', 'etype': 'c2', 'text': 'Opened a long-lived connection consistent with remote access C2 behavior.'}, {'eid': 'E2', 'etype': 'persistence', 'text': 'Installed a service configured to start automatically at boot.'}, {'eid': 'E3', 'etype': 'privilege', 'text': 'Performed privilege escalation attempts consistent with maintaining control.'}, {'eid': 'E4', 'etype': 'other', 'text': 'Launched processes consistent with remote operator tasking.'}, {'eid': 'E5', 'etype': 'filesystem', 'text': 'Dropped an implant binary into an application data directory.'}]",Backdoor,"{'modify_c2': 'Backdoor', 'remove_persistence': 'Backdoor', 'remove_c2': 'Generic Malware'}"
BACKDOOR_024,Backdoor,"[{'eid': 'E1', 'etype': 'c2', 'text': 'Opened a long-lived connection consistent with remote access C2 behavior.'}, {'eid': 'E2', 'etype': 'persistence', 'text': 'Installed a service configured to start automatically at boot.'}, {'eid': 'E3', 'etype': 'privilege', 'text': 'Tried to elevate privileges using process injection and token impersonation.'}, {'eid': 'E4', 'etype': 'other', 'text': 'Launched processes consistent with remote operator tasking.'}, {'eid': 'E5', 'etype': 'filesystem', 'text': 'Created a hidden copy of an executable under user profile directories.'}]",Backdoor,"{'modify_c2': 'Backdoor', 'remove_persistence': 'Backdoor', 'remove_c2': 'Generic Malware'}"
BACKDOOR_025,Backdoor,"[{'eid': 'E1', 'etype': 'c2', 'text': 'Opened a long-lived connection consistent with remote access C2 behavior.'}, {'eid': 'E2', 'etype': 'persistence', 'text': 'Deployed a startup mechanism to ensure the implant runs after reboot.'}, {'eid': 'E3', 'etype': 'privilege', 'text': 'Tried to elevate privileges using process injection and token impersonation.'}, {'eid': 'E4', 'etype': 'other', 'text': 'Spawned command shells to run remote instructions.'}, {'eid': 'E5', 'etype': 'filesystem', 'text': 'Dropped an implant binary into an application data directory.'}]",Backdoor,"{'modify_c2': 'Backdoor', 'remove_persistence': 'Backdoor', 'remove_c2': 'Generic Malware'}"
BENIGN_001,Benign,"[{'eid': 'E1', 'etype': 'filesystem', 'text': 'Updated local configuration and cache files during normal execution.'}, {'eid': 'E2', 'etype': 'other', 'text': 'Queried a vendor update service for the latest version information.'}, {'eid': 'E3', 'etype': 'encryption', 'text': 'Established standard HTTPS connections consistent with legitimate telemetry.'}, {'eid': 'E4', 'etype': 'other', 'text': 'Read user settings and wrote logs for diagnostic purposes.'}]",Benign,"{'mask_encryption': 'Benign', 'modify_c2': 'Benign', 'inject_c2_backdoor': 'Backdoor'}"
BENIGN_002,Benign,"[{'eid': 'E1', 'etype': 'filesystem', 'text': 'Wrote user preferences and cache files under a vendor-named folder.'}, {'eid': 'E2', 'etype': 'other', 'text': 'Checked for updates and downloaded metadata from a well-known vendor domain.'}, {'eid': 'E3', 'etype': 'encryption', 'text': 'Used TLS libraries for normal HTTPS communication to a well-known cloud service.'}, {'eid': 'E4', 'etype': 'other', 'text': 'Performed routine file I/O for caching and logging.'}]",Benign,"{'mask_encryption': 'Benign', 'modify_c2': 'Benign', 'inject_c2_backdoor': 'Backdoor'}"
BENIGN_003,Benign,"[{'eid': 'E1', 'etype': 'filesystem', 'text': 'Updated local configuration and cache files during normal execution.'}, {'eid': 'E2', 'etype': 'other', 'text': 'Checked for updates and downloaded metadata from a well-known vendor domain.'}, {'eid': 'E3', 'etype': 'encryption', 'text': 'Established standard HTTPS connections consistent with legitimate telemetry.'}, {'eid': 'E4', 'etype': 'other', 'text': 'Generated local logs and crash reports consistent with normal software behavior.'}]",Benign,"{'mask_encryption': 'Benign', 'modify_c2': 'Benign', 'inject_c2_backdoor': 'Backdoor'}"
BENIGN_004,Benign,"[{'eid': 'E1', 'etype': 'filesystem', 'text': 'Created configuration files under the application data directory.'}, {'eid': 'E2', 'etype': 'other', 'text': 'Performed routine update check against a vendor endpoint.'}, {'eid': 'E3', 'etype': 'encryption', 'text': 'Established standard HTTPS connections consistent with legitimate telemetry.'}, {'eid': 'E4', 'etype': 'other', 'text': 'Performed routine file I/O for caching and logging.'}]",Benign,"{'mask_encryption': 'Benign', 'modify_c2': 'Benign', 'inject_c2_backdoor': 'Backdoor'}"
BENIGN_005,Benign,"[{'eid': 'E1', 'etype': 'filesystem', 'text': 'Updated local configuration and cache files during normal execution.'}, {'eid': 'E2', 'etype': 'other', 'text': 'Performed routine update check against a vendor endpoint.'}, {'eid': 'E3', 'etype': 'encryption', 'text': 'Used TLS libraries for normal HTTPS communication to a well-known cloud service.'}, {'eid': 'E4', 'etype': 'other', 'text': 'Performed routine file I/O for caching and logging.'}]",Benign,"{'mask_encryption': 'Benign', 'modify_c2': 'Benign', 'inject_c2_backdoor': 'Backdoor'}"
BENIGN_006,Benign,"[{'eid': 'E1', 'etype': 'filesystem', 'text': 'Created configuration files under the application data directory.'}, {'eid': 'E2', 'etype': 'other', 'text': 'Queried a vendor update service for the latest version information.'}, {'eid': 'E3', 'etype': 'encryption', 'text': 'Established standard HTTPS connections consistent with legitimate telemetry.'}, {'eid': 'E4', 'etype': 'other', 'text': 'Read user settings and wrote logs for diagnostic purposes.'}]",Benign,"{'mask_encryption': 'Benign', 'modify_c2': 'Benign', 'inject_c2_backdoor': 'Backdoor'}"
BENIGN_007,Benign,"[{'eid': 'E1', 'etype': 'filesystem', 'text': 'Wrote user preferences and cache files under a vendor-named folder.'}, {'eid': 'E2', 'etype': 'other', 'text': 'Performed routine update check against a vendor endpoint.'}, {'eid': 'E3', 'etype': 'encryption', 'text': 'Used TLS libraries for normal HTTPS communication to a well-known cloud service.'}, {'eid': 'E4', 'etype': 'other', 'text': 'Generated local logs and crash reports consistent with normal software behavior.'}]",Benign,"{'mask_encryption': 'Benign', 'modify_c2': 'Benign', 'inject_c2_backdoor': 'Backdoor'}"
BENIGN_008,Benign,"[{'eid': 'E1', 'etype': 'filesystem', 'text': 'Wrote user preferences and cache files under a vendor-named folder.'}, {'eid': 'E2', 'etype': 'other', 'text': 'Performed routine update check against a vendor endpoint.'}, {'eid': 'E3', 'etype': 'encryption', 'text': 'Established standard HTTPS connections consistent with legitimate telemetry.'}, {'eid': 'E4', 'etype': 'other', 'text': 'Performed routine file I/O for caching and logging.'}]",Benign,"{'mask_encryption': 'Benign', 'modify_c2': 'Benign', 'inject_c2_backdoor': 'Backdoor'}"
BENIGN_009,Benign,"[{'eid': 'E1', 'etype': 'filesystem', 'text': 'Updated local configuration and cache files during normal execution.'}, {'eid': 'E2', 'etype': 'other', 'text': 'Checked for updates and downloaded metadata from a well-known vendor domain.'}, {'eid': 'E3', 'etype': 'encryption', 'text': 'Performed standard HTTPS requests using TLS to trusted endpoints.'}, {'eid': 'E4', 'etype': 'other', 'text': 'Performed routine file I/O for caching and logging.'}]",Benign,"{'mask_encryption': 'Benign', 'modify_c2': 'Benign', 'inject_c2_backdoor': 'Backdoor'}"
BENIGN_010,Benign,"[{'eid': 'E1', 'etype': 'filesystem', 'text': 'Updated local configuration and cache files during normal execution.'}, {'eid': 'E2', 'etype': 'other', 'text': 'Performed routine update check against a vendor endpoint.'}, {'eid': 'E3', 'etype': 'encryption', 'text': 'Performed standard HTTPS requests using TLS to trusted endpoints.'}, {'eid': 'E4', 'etype': 'other', 'text': 'Performed routine file I/O for caching and logging.'}]",Benign,"{'mask_encryption': 'Benign', 'modify_c2': 'Benign', 'inject_c2_backdoor': 'Backdoor'}"
BENIGN_011,Benign,"[{'eid': 'E1', 'etype': 'filesystem', 'text': 'Wrote user preferences and cache files under a vendor-named folder.'}, {'eid': 'E2', 'etype': 'other', 'text': 'Queried a vendor update service for the latest version information.'}, {'eid': 'E3', 'etype': 'encryption', 'text': 'Used TLS libraries for normal HTTPS communication to a well-known cloud service.'}, {'eid': 'E4', 'etype': 'other', 'text': 'Read user settings and wrote logs for diagnostic purposes.'}]",Benign,"{'mask_encryption': 'Benign', 'modify_c2': 'Benign', 'inject_c2_backdoor': 'Backdoor'}"
BENIGN_012,Benign,"[{'eid': 'E1', 'etype': 'filesystem', 'text': 'Wrote user preferences and cache files under a vendor-named folder.'}, {'eid': 'E2', 'etype': 'other', 'text': 'Performed routine update check against a vendor endpoint.'}, {'eid': 'E3', 'etype': 'encryption', 'text': 'Used TLS libraries for normal HTTPS communication to a well-known cloud service.'}, {'eid': 'E4', 'etype': 'other', 'text': 'Performed routine file I/O for caching and logging.'}]",Benign,"{'mask_encryption': 'Benign', 'modify_c2': 'Benign', 'inject_c2_backdoor': 'Backdoor'}"
BENIGN_013,Benign,"[{'eid': 'E1', 'etype': 'filesystem', 'text': 'Updated local configuration and cache files during normal execution.'}, {'eid': 'E2', 'etype': 'other', 'text': 'Performed routine update check against a vendor endpoint.'}, {'eid': 'E3', 'etype': 'encryption', 'text': 'Established standard HTTPS connections consistent with legitimate telemetry.'}, {'eid': 'E4', 'etype': 'other', 'text': 'Generated local logs and crash reports consistent with normal software behavior.'}]",Benign,"{'mask_encryption': 'Benign', 'modify_c2': 'Benign', 'inject_c2_backdoor': 'Backdoor'}"
BENIGN_014,Benign,"[{'eid': 'E1', 'etype': 'filesystem', 'text': 'Updated local configuration and cache files during normal execution.'}, {'eid': 'E2', 'etype': 'other', 'text': 'Performed routine update check against a vendor endpoint.'}, {'eid': 'E3', 'etype': 'encryption', 'text': 'Performed standard HTTPS requests using TLS to trusted endpoints.'}, {'eid': 'E4', 'etype': 'other', 'text': 'Generated local logs and crash reports consistent with normal software behavior.'}]",Benign,"{'mask_encryption': 'Benign', 'modify_c2': 'Benign', 'inject_c2_backdoor': 'Backdoor'}"
BENIGN_015,Benign,"[{'eid': 'E1', 'etype': 'filesystem', 'text': 'Created configuration files under the application data directory.'}, {'eid': 'E2', 'etype': 'other', 'text': 'Queried a vendor update service for the latest version information.'}, {'eid': 'E3', 'etype': 'encryption', 'text': 'Performed standard HTTPS requests using TLS to trusted endpoints.'}, {'eid': 'E4', 'etype': 'other', 'text': 'Generated local logs and crash reports consistent with normal software behavior.'}]",Benign,"{'mask_encryption': 'Benign', 'modify_c2': 'Benign', 'inject_c2_backdoor': 'Backdoor'}"
BENIGN_016,Benign,"[{'eid': 'E1', 'etype': 'filesystem', 'text': 'Updated local configuration and cache files during normal execution.'}, {'eid': 'E2', 'etype': 'other', 'text': 'Checked for updates and downloaded metadata from a well-known vendor domain.'}, {'eid': 'E3', 'etype': 'encryption', 'text': 'Established standard HTTPS connections consistent with legitimate telemetry.'}, {'eid': 'E4', 'etype': 'other', 'text': 'Read user settings and wrote logs for diagnostic purposes.'}]",Benign,"{'mask_encryption': 'Benign', 'modify_c2': 'Benign', 'inject_c2_backdoor': 'Backdoor'}"
BENIGN_017,Benign,"[{'eid': 'E1', 'etype': 'filesystem', 'text': 'Created configuration files under the application data directory.'}, {'eid': 'E2', 'etype': 'other', 'text': 'Queried a vendor update service for the latest version information.'}, {'eid': 'E3', 'etype': 'encryption', 'text': 'Established standard HTTPS connections consistent with legitimate telemetry.'}, {'eid': 'E4', 'etype': 'other', 'text': 'Generated local logs and crash reports consistent with normal software behavior.'}]",Benign,"{'mask_encryption': 'Benign', 'modify_c2': 'Benign', 'inject_c2_backdoor': 'Backdoor'}"
BENIGN_018,Benign,"[{'eid': 'E1', 'etype': 'filesystem', 'text': 'Created configuration files under the application data directory.'}, {'eid': 'E2', 'etype': 'other', 'text': 'Performed routine update check against a vendor endpoint.'}, {'eid': 'E3', 'etype': 'encryption', 'text': 'Established standard HTTPS connections consistent with legitimate telemetry.'}, {'eid': 'E4', 'etype': 'other', 'text': 'Read user settings and wrote logs for diagnostic purposes.'}]",Benign,"{'mask_encryption': 'Benign', 'modify_c2': 'Benign', 'inject_c2_backdoor': 'Backdoor'}"
BENIGN_019,Benign,"[{'eid': 'E1', 'etype': 'filesystem', 'text': 'Updated local configuration and cache files during normal execution.'}, {'eid': 'E2', 'etype': 'other', 'text': 'Checked for updates and downloaded metadata from a well-known vendor domain.'}, {'eid': 'E3', 'etype': 'encryption', 'text': 'Used TLS libraries for normal HTTPS communication to a well-known cloud service.'}, {'eid': 'E4', 'etype': 'other', 'text': 'Performed routine file I/O for caching and logging.'}]",Benign,"{'mask_encryption': 'Benign', 'modify_c2': 'Benign', 'inject_c2_backdoor': 'Backdoor'}"
BENIGN_020,Benign,"[{'eid': 'E1', 'etype': 'filesystem', 'text': 'Wrote user preferences and cache files under a vendor-named folder.'}, {'eid': 'E2', 'etype': 'other', 'text': 'Queried a vendor update service for the latest version information.'}, {'eid': 'E3', 'etype': 'encryption', 'text': 'Performed standard HTTPS requests using TLS to trusted endpoints.'}, {'eid': 'E4', 'etype': 'other', 'text': 'Generated local logs and crash reports consistent with normal software behavior.'}]",Benign,"{'mask_encryption': 'Benign', 'modify_c2': 'Benign', 'inject_c2_backdoor': 'Backdoor'}"
BENIGN_021,Benign,"[{'eid': 'E1', 'etype': 'filesystem', 'text': 'Updated local configuration and cache files during normal execution.'}, {'eid': 'E2', 'etype': 'other', 'text': 'Performed routine update check against a vendor endpoint.'}, {'eid': 'E3', 'etype': 'encryption', 'text': 'Used TLS libraries for normal HTTPS communication to a well-known cloud service.'}, {'eid': 'E4', 'etype': 'other', 'text': 'Read user settings and wrote logs for diagnostic purposes.'}]",Benign,"{'mask_encryption': 'Benign', 'modify_c2': 'Benign', 'inject_c2_backdoor': 'Backdoor'}"
BENIGN_022,Benign,"[{'eid': 'E1', 'etype': 'filesystem', 'text': 'Updated local configuration and cache files during normal execution.'}, {'eid': 'E2', 'etype': 'other', 'text': 'Performed routine update check against a vendor endpoint.'}, {'eid': 'E3', 'etype': 'encryption', 'text': 'Performed standard HTTPS requests using TLS to trusted endpoints.'}, {'eid': 'E4', 'etype': 'other', 'text': 'Read user settings and wrote logs for diagnostic purposes.'}]",Benign,"{'mask_encryption': 'Benign', 'modify_c2': 'Benign', 'inject_c2_backdoor': 'Backdoor'}"
BENIGN_023,Benign,"[{'eid': 'E1', 'etype': 'filesystem', 'text': 'Wrote user preferences and cache files under a vendor-named folder.'}, {'eid': 'E2', 'etype': 'other', 'text': 'Queried a vendor update service for the latest version information.'}, {'eid': 'E3', 'etype': 'encryption', 'text': 'Performed standard HTTPS requests using TLS to trusted endpoints.'}, {'eid': 'E4', 'etype': 'other', 'text': 'Read user settings and wrote logs for diagnostic purposes.'}]",Benign,"{'mask_encryption': 'Benign', 'modify_c2': 'Benign', 'inject_c2_backdoor': 'Backdoor'}"
BENIGN_024,Benign,"[{'eid': 'E1', 'etype': 'filesystem', 'text': 'Wrote user preferences and cache files under a vendor-named folder.'}, {'eid': 'E2', 'etype': 'other', 'text': 'Performed routine update check against a vendor endpoint.'}, {'eid': 'E3', 'etype': 'encryption', 'text': 'Used TLS libraries for normal HTTPS communication to a well-known cloud service.'}, {'eid': 'E4', 'etype': 'other', 'text': 'Generated local logs and crash reports consistent with normal software behavior.'}]",Benign,"{'mask_encryption': 'Benign', 'modify_c2': 'Benign', 'inject_c2_backdoor': 'Backdoor'}"
BENIGN_025,Benign,"[{'eid': 'E1', 'etype': 'filesystem', 'text': 'Wrote user preferences and cache files under a vendor-named folder.'}, {'eid': 'E2', 'etype': 'other', 'text': 'Performed routine update check against a vendor endpoint.'}, {'eid': 'E3', 'etype': 'encryption', 'text': 'Established standard HTTPS connections consistent with legitimate telemetry.'}, {'eid': 'E4', 'etype': 'other', 'text': 'Read user settings and wrote logs for diagnostic purposes.'}]",Benign,"{'mask_encryption': 'Benign', 'modify_c2': 'Benign', 'inject_c2_backdoor': 'Backdoor'}"
