sample_id,category,method,perturbation,expected_cf,pred_root,pred_cf,flipped,correct
RANSOMWARE_001,Ransomware,Direct,modify_c2,Ransomware,Ransomware,Ransomware,0,1
RANSOMWARE_001,Ransomware,Direct,remove_persistence,Ransomware,Ransomware,Ransomware,0,1
RANSOMWARE_001,Ransomware,Direct,remove_encryption_and_coercion,Backdoor,Ransomware,Ransomware,0,0
RANSOMWARE_001,Ransomware,CoT,modify_c2,Ransomware,Ransomware,Ransomware,0,1
RANSOMWARE_001,Ransomware,CoT,remove_persistence,Ransomware,Ransomware,Ransomware,0,1
RANSOMWARE_001,Ransomware,CoT,remove_encryption_and_coercion,Backdoor,Ransomware,Ransomware,0,0
RANSOMWARE_001,Ransomware,ToT,modify_c2,Ransomware,Ransomware,Ransomware,0,1
RANSOMWARE_001,Ransomware,ToT,remove_persistence,Ransomware,Ransomware,Ransomware,0,1
RANSOMWARE_001,Ransomware,ToT,remove_encryption_and_coercion,Backdoor,Ransomware,Ransomware,0,0
RANSOMWARE_001,Ransomware,CVA,modify_c2,Ransomware,Ransomware,Ransomware,0,1
RANSOMWARE_001,Ransomware,CVA,remove_persistence,Ransomware,Ransomware,Ransomware,0,1
RANSOMWARE_001,Ransomware,CVA,remove_encryption_and_coercion,Backdoor,Ransomware,Ransomware,0,0
RANSOMWARE_002,Ransomware,Direct,modify_c2,Ransomware,Ransomware,Ransomware,0,1
RANSOMWARE_002,Ransomware,Direct,remove_persistence,Ransomware,Ransomware,Ransomware,0,1
RANSOMWARE_002,Ransomware,Direct,remove_encryption_and_coercion,Backdoor,Ransomware,Ransomware,0,0
RANSOMWARE_002,Ransomware,CoT,modify_c2,Ransomware,Ransomware,Ransomware,0,1
RANSOMWARE_002,Ransomware,CoT,remove_persistence,Ransomware,Ransomware,Ransomware,0,1
RANSOMWARE_002,Ransomware,CoT,remove_encryption_and_coercion,Backdoor,Ransomware,Ransomware,0,0
RANSOMWARE_002,Ransomware,ToT,modify_c2,Ransomware,Ransomware,Ransomware,0,1
RANSOMWARE_002,Ransomware,ToT,remove_persistence,Ransomware,Ransomware,Ransomware,0,1
RANSOMWARE_002,Ransomware,ToT,remove_encryption_and_coercion,Backdoor,Ransomware,Ransomware,0,0
RANSOMWARE_002,Ransomware,CVA,modify_c2,Ransomware,Ransomware,Ransomware,0,1
RANSOMWARE_002,Ransomware,CVA,remove_persistence,Ransomware,Ransomware,Ransomware,0,1
RANSOMWARE_002,Ransomware,CVA,remove_encryption_and_coercion,Backdoor,Ransomware,Ransomware,0,0
RANSOMWARE_003,Ransomware,Direct,modify_c2,Ransomware,Ransomware,Ransomware,0,1
RANSOMWARE_003,Ransomware,Direct,remove_persistence,Ransomware,Ransomware,Ransomware,0,1
RANSOMWARE_003,Ransomware,Direct,remove_encryption_and_coercion,Backdoor,Ransomware,Backdoor,1,1
RANSOMWARE_003,Ransomware,CoT,modify_c2,Ransomware,Ransomware,Ransomware,0,1
RANSOMWARE_003,Ransomware,CoT,remove_persistence,Ransomware,Ransomware,Ransomware,0,1
RANSOMWARE_003,Ransomware,CoT,remove_encryption_and_coercion,Backdoor,Ransomware,Backdoor,1,1
RANSOMWARE_003,Ransomware,ToT,modify_c2,Ransomware,Ransomware,Ransomware,0,1
RANSOMWARE_003,Ransomware,ToT,remove_persistence,Ransomware,Ransomware,Ransomware,0,1
RANSOMWARE_003,Ransomware,ToT,remove_encryption_and_coercion,Backdoor,Ransomware,Backdoor,1,1
RANSOMWARE_003,Ransomware,CVA,modify_c2,Ransomware,Ransomware,Ransomware,0,1
RANSOMWARE_003,Ransomware,CVA,remove_persistence,Ransomware,Ransomware,Ransomware,0,1
RANSOMWARE_003,Ransomware,CVA,remove_encryption_and_coercion,Backdoor,Ransomware,Backdoor,1,1
RANSOMWARE_004,Ransomware,Direct,modify_c2,Ransomware,Ransomware,Ransomware,0,1
RANSOMWARE_004,Ransomware,Direct,remove_persistence,Ransomware,Ransomware,Ransomware,0,1
RANSOMWARE_004,Ransomware,Direct,remove_encryption_and_coercion,Backdoor,Ransomware,Ransomware,0,0
RANSOMWARE_004,Ransomware,CoT,modify_c2,Ransomware,Ransomware,Ransomware,0,1
RANSOMWARE_004,Ransomware,CoT,remove_persistence,Ransomware,Ransomware,Ransomware,0,1
RANSOMWARE_004,Ransomware,CoT,remove_encryption_and_coercion,Backdoor,Ransomware,Ransomware,0,0
RANSOMWARE_004,Ransomware,ToT,modify_c2,Ransomware,Ransomware,Ransomware,0,1
RANSOMWARE_004,Ransomware,ToT,remove_persistence,Ransomware,Ransomware,Ransomware,0,1
RANSOMWARE_004,Ransomware,ToT,remove_encryption_and_coercion,Backdoor,Ransomware,Ransomware,0,0
RANSOMWARE_004,Ransomware,CVA,modify_c2,Ransomware,Ransomware,Ransomware,0,1
RANSOMWARE_004,Ransomware,CVA,remove_persistence,Ransomware,Ransomware,Ransomware,0,1
RANSOMWARE_004,Ransomware,CVA,remove_encryption_and_coercion,Backdoor,Ransomware,Ransomware,0,0
RANSOMWARE_005,Ransomware,Direct,modify_c2,Ransomware,Ransomware,Ransomware,0,1
RANSOMWARE_005,Ransomware,Direct,remove_persistence,Ransomware,Ransomware,Ransomware,0,1
RANSOMWARE_005,Ransomware,Direct,remove_encryption_and_coercion,Backdoor,Ransomware,Backdoor,1,1
RANSOMWARE_005,Ransomware,CoT,modify_c2,Ransomware,Ransomware,Ransomware,0,1
RANSOMWARE_005,Ransomware,CoT,remove_persistence,Ransomware,Ransomware,Ransomware,0,1
RANSOMWARE_005,Ransomware,CoT,remove_encryption_and_coercion,Backdoor,Ransomware,Backdoor,1,1
RANSOMWARE_005,Ransomware,ToT,modify_c2,Ransomware,Ransomware,Ransomware,0,1
RANSOMWARE_005,Ransomware,ToT,remove_persistence,Ransomware,Ransomware,Ransomware,0,1
RANSOMWARE_005,Ransomware,ToT,remove_encryption_and_coercion,Backdoor,Ransomware,Backdoor,1,1
RANSOMWARE_005,Ransomware,CVA,modify_c2,Ransomware,Ransomware,Ransomware,0,1
RANSOMWARE_005,Ransomware,CVA,remove_persistence,Ransomware,Ransomware,Ransomware,0,1
RANSOMWARE_005,Ransomware,CVA,remove_encryption_and_coercion,Backdoor,Ransomware,Backdoor,1,1
RANSOMWARE_006,Ransomware,Direct,modify_c2,Ransomware,Ransomware,Ransomware,0,1
RANSOMWARE_006,Ransomware,Direct,remove_persistence,Ransomware,Ransomware,Ransomware,0,1
RANSOMWARE_006,Ransomware,Direct,remove_encryption_and_coercion,Backdoor,Ransomware,Backdoor,1,1
RANSOMWARE_006,Ransomware,CoT,modify_c2,Ransomware,Ransomware,Ransomware,0,1
RANSOMWARE_006,Ransomware,CoT,remove_persistence,Ransomware,Ransomware,Ransomware,0,1
RANSOMWARE_006,Ransomware,CoT,remove_encryption_and_coercion,Backdoor,Ransomware,Backdoor,1,1
RANSOMWARE_006,Ransomware,ToT,modify_c2,Ransomware,Ransomware,Ransomware,0,1
RANSOMWARE_006,Ransomware,ToT,remove_persistence,Ransomware,Ransomware,Ransomware,0,1
RANSOMWARE_006,Ransomware,ToT,remove_encryption_and_coercion,Backdoor,Ransomware,Backdoor,1,1
RANSOMWARE_006,Ransomware,CVA,modify_c2,Ransomware,Ransomware,Ransomware,0,1
RANSOMWARE_006,Ransomware,CVA,remove_persistence,Ransomware,Ransomware,Ransomware,0,1
RANSOMWARE_006,Ransomware,CVA,remove_encryption_and_coercion,Backdoor,Ransomware,Backdoor,1,1
RANSOMWARE_007,Ransomware,Direct,modify_c2,Ransomware,Ransomware,Ransomware,0,1
RANSOMWARE_007,Ransomware,Direct,remove_persistence,Ransomware,Ransomware,Ransomware,0,1
RANSOMWARE_007,Ransomware,Direct,remove_encryption_and_coercion,Backdoor,Ransomware,Ransomware,0,0
RANSOMWARE_007,Ransomware,CoT,modify_c2,Ransomware,Ransomware,Ransomware,0,1
RANSOMWARE_007,Ransomware,CoT,remove_persistence,Ransomware,Ransomware,Ransomware,0,1
RANSOMWARE_007,Ransomware,CoT,remove_encryption_and_coercion,Backdoor,Ransomware,Ransomware,0,0
RANSOMWARE_007,Ransomware,ToT,modify_c2,Ransomware,Ransomware,Ransomware,0,1
RANSOMWARE_007,Ransomware,ToT,remove_persistence,Ransomware,Ransomware,Ransomware,0,1
RANSOMWARE_007,Ransomware,ToT,remove_encryption_and_coercion,Backdoor,Ransomware,Ransomware,0,0
RANSOMWARE_007,Ransomware,CVA,modify_c2,Ransomware,Ransomware,Ransomware,0,1
RANSOMWARE_007,Ransomware,CVA,remove_persistence,Ransomware,Ransomware,Ransomware,0,1
RANSOMWARE_007,Ransomware,CVA,remove_encryption_and_coercion,Backdoor,Ransomware,Ransomware,0,0
RANSOMWARE_008,Ransomware,Direct,modify_c2,Ransomware,Ransomware,Ransomware,0,1
RANSOMWARE_008,Ransomware,Direct,remove_persistence,Ransomware,Ransomware,Ransomware,0,1
RANSOMWARE_008,Ransomware,Direct,remove_encryption_and_coercion,Backdoor,Ransomware,Backdoor,1,1
RANSOMWARE_008,Ransomware,CoT,modify_c2,Ransomware,Ransomware,Ransomware,0,1
RANSOMWARE_008,Ransomware,CoT,remove_persistence,Ransomware,Ransomware,Ransomware,0,1
RANSOMWARE_008,Ransomware,CoT,remove_encryption_and_coercion,Backdoor,Ransomware,Backdoor,1,1
RANSOMWARE_008,Ransomware,ToT,modify_c2,Ransomware,Ransomware,Ransomware,0,1
RANSOMWARE_008,Ransomware,ToT,remove_persistence,Ransomware,Ransomware,Ransomware,0,1
RANSOMWARE_008,Ransomware,ToT,remove_encryption_and_coercion,Backdoor,Ransomware,Backdoor,1,1
RANSOMWARE_008,Ransomware,CVA,modify_c2,Ransomware,Ransomware,Ransomware,0,1
RANSOMWARE_008,Ransomware,CVA,remove_persistence,Ransomware,Ransomware,Ransomware,0,1
RANSOMWARE_008,Ransomware,CVA,remove_encryption_and_coercion,Backdoor,Ransomware,Backdoor,1,1
RANSOMWARE_009,Ransomware,Direct,modify_c2,Ransomware,Ransomware,Ransomware,0,1
RANSOMWARE_009,Ransomware,Direct,remove_persistence,Ransomware,Ransomware,Ransomware,0,1
RANSOMWARE_009,Ransomware,Direct,remove_encryption_and_coercion,Backdoor,Ransomware,Ransomware,0,0
RANSOMWARE_009,Ransomware,CoT,modify_c2,Ransomware,Ransomware,Ransomware,0,1
RANSOMWARE_009,Ransomware,CoT,remove_persistence,Ransomware,Ransomware,Ransomware,0,1
RANSOMWARE_009,Ransomware,CoT,remove_encryption_and_coercion,Backdoor,Ransomware,Ransomware,0,0
RANSOMWARE_009,Ransomware,ToT,modify_c2,Ransomware,Ransomware,Ransomware,0,1
RANSOMWARE_009,Ransomware,ToT,remove_persistence,Ransomware,Ransomware,Ransomware,0,1
RANSOMWARE_009,Ransomware,ToT,remove_encryption_and_coercion,Backdoor,Ransomware,Ransomware,0,0
RANSOMWARE_009,Ransomware,CVA,modify_c2,Ransomware,Ransomware,Ransomware,0,1
RANSOMWARE_009,Ransomware,CVA,remove_persistence,Ransomware,Ransomware,Ransomware,0,1
RANSOMWARE_009,Ransomware,CVA,remove_encryption_and_coercion,Backdoor,Ransomware,Ransomware,0,0
RANSOMWARE_010,Ransomware,Direct,modify_c2,Ransomware,Ransomware,Ransomware,0,1
RANSOMWARE_010,Ransomware,Direct,remove_persistence,Ransomware,Ransomware,Ransomware,0,1
RANSOMWARE_010,Ransomware,Direct,remove_encryption_and_coercion,Backdoor,Ransomware,Ransomware,0,0
RANSOMWARE_010,Ransomware,CoT,modify_c2,Ransomware,Ransomware,Ransomware,0,1
RANSOMWARE_010,Ransomware,CoT,remove_persistence,Ransomware,Ransomware,Ransomware,0,1
RANSOMWARE_010,Ransomware,CoT,remove_encryption_and_coercion,Backdoor,Ransomware,Ransomware,0,0
RANSOMWARE_010,Ransomware,ToT,modify_c2,Ransomware,Ransomware,Ransomware,0,1
RANSOMWARE_010,Ransomware,ToT,remove_persistence,Ransomware,Ransomware,Ransomware,0,1
RANSOMWARE_010,Ransomware,ToT,remove_encryption_and_coercion,Backdoor,Ransomware,Ransomware,0,0
RANSOMWARE_010,Ransomware,CVA,modify_c2,Ransomware,Ransomware,Ransomware,0,1
RANSOMWARE_010,Ransomware,CVA,remove_persistence,Ransomware,Ransomware,Ransomware,0,1
RANSOMWARE_010,Ransomware,CVA,remove_encryption_and_coercion,Backdoor,Ransomware,Ransomware,0,0
RANSOMWARE_011,Ransomware,Direct,modify_c2,Ransomware,Ransomware,Ransomware,0,1
RANSOMWARE_011,Ransomware,Direct,remove_persistence,Ransomware,Ransomware,Ransomware,0,1
RANSOMWARE_011,Ransomware,Direct,remove_encryption_and_coercion,Backdoor,Ransomware,Ransomware,0,0
RANSOMWARE_011,Ransomware,CoT,modify_c2,Ransomware,Ransomware,Ransomware,0,1
RANSOMWARE_011,Ransomware,CoT,remove_persistence,Ransomware,Ransomware,Ransomware,0,1
RANSOMWARE_011,Ransomware,CoT,remove_encryption_and_coercion,Backdoor,Ransomware,Ransomware,0,0
RANSOMWARE_011,Ransomware,ToT,modify_c2,Ransomware,Ransomware,Ransomware,0,1
RANSOMWARE_011,Ransomware,ToT,remove_persistence,Ransomware,Ransomware,Ransomware,0,1
RANSOMWARE_011,Ransomware,ToT,remove_encryption_and_coercion,Backdoor,Ransomware,Ransomware,0,0
RANSOMWARE_011,Ransomware,CVA,modify_c2,Ransomware,Ransomware,Ransomware,0,1
RANSOMWARE_011,Ransomware,CVA,remove_persistence,Ransomware,Ransomware,Ransomware,0,1
RANSOMWARE_011,Ransomware,CVA,remove_encryption_and_coercion,Backdoor,Ransomware,Ransomware,0,0
RANSOMWARE_012,Ransomware,Direct,modify_c2,Ransomware,Ransomware,Ransomware,0,1
RANSOMWARE_012,Ransomware,Direct,remove_persistence,Ransomware,Ransomware,Ransomware,0,1
RANSOMWARE_012,Ransomware,Direct,remove_encryption_and_coercion,Backdoor,Ransomware,Ransomware,0,0
RANSOMWARE_012,Ransomware,CoT,modify_c2,Ransomware,Ransomware,Ransomware,0,1
RANSOMWARE_012,Ransomware,CoT,remove_persistence,Ransomware,Ransomware,Ransomware,0,1
RANSOMWARE_012,Ransomware,CoT,remove_encryption_and_coercion,Backdoor,Ransomware,Ransomware,0,0
RANSOMWARE_012,Ransomware,ToT,modify_c2,Ransomware,Ransomware,Ransomware,0,1
RANSOMWARE_012,Ransomware,ToT,remove_persistence,Ransomware,Ransomware,Ransomware,0,1
RANSOMWARE_012,Ransomware,ToT,remove_encryption_and_coercion,Backdoor,Ransomware,Ransomware,0,0
RANSOMWARE_012,Ransomware,CVA,modify_c2,Ransomware,Ransomware,Ransomware,0,1
RANSOMWARE_012,Ransomware,CVA,remove_persistence,Ransomware,Ransomware,Ransomware,0,1
RANSOMWARE_012,Ransomware,CVA,remove_encryption_and_coercion,Backdoor,Ransomware,Ransomware,0,0
RANSOMWARE_013,Ransomware,Direct,modify_c2,Ransomware,Ransomware,Ransomware,0,1
RANSOMWARE_013,Ransomware,Direct,remove_persistence,Ransomware,Ransomware,Ransomware,0,1
RANSOMWARE_013,Ransomware,Direct,remove_encryption_and_coercion,Backdoor,Ransomware,Backdoor,1,1
RANSOMWARE_013,Ransomware,CoT,modify_c2,Ransomware,Ransomware,Ransomware,0,1
RANSOMWARE_013,Ransomware,CoT,remove_persistence,Ransomware,Ransomware,Ransomware,0,1
RANSOMWARE_013,Ransomware,CoT,remove_encryption_and_coercion,Backdoor,Ransomware,Backdoor,1,1
RANSOMWARE_013,Ransomware,ToT,modify_c2,Ransomware,Ransomware,Ransomware,0,1
RANSOMWARE_013,Ransomware,ToT,remove_persistence,Ransomware,Ransomware,Ransomware,0,1
RANSOMWARE_013,Ransomware,ToT,remove_encryption_and_coercion,Backdoor,Ransomware,Backdoor,1,1
RANSOMWARE_013,Ransomware,CVA,modify_c2,Ransomware,Ransomware,Ransomware,0,1
RANSOMWARE_013,Ransomware,CVA,remove_persistence,Ransomware,Ransomware,Ransomware,0,1
RANSOMWARE_013,Ransomware,CVA,remove_encryption_and_coercion,Backdoor,Ransomware,Backdoor,1,1
RANSOMWARE_014,Ransomware,Direct,modify_c2,Ransomware,Ransomware,Ransomware,0,1
RANSOMWARE_014,Ransomware,Direct,remove_persistence,Ransomware,Ransomware,Ransomware,0,1
RANSOMWARE_014,Ransomware,Direct,remove_encryption_and_coercion,Backdoor,Ransomware,Ransomware,0,0
RANSOMWARE_014,Ransomware,CoT,modify_c2,Ransomware,Ransomware,Ransomware,0,1
RANSOMWARE_014,Ransomware,CoT,remove_persistence,Ransomware,Ransomware,Ransomware,0,1
RANSOMWARE_014,Ransomware,CoT,remove_encryption_and_coercion,Backdoor,Ransomware,Ransomware,0,0
RANSOMWARE_014,Ransomware,ToT,modify_c2,Ransomware,Ransomware,Ransomware,0,1
RANSOMWARE_014,Ransomware,ToT,remove_persistence,Ransomware,Ransomware,Ransomware,0,1
RANSOMWARE_014,Ransomware,ToT,remove_encryption_and_coercion,Backdoor,Ransomware,Ransomware,0,0
RANSOMWARE_014,Ransomware,CVA,modify_c2,Ransomware,Ransomware,Ransomware,0,1
RANSOMWARE_014,Ransomware,CVA,remove_persistence,Ransomware,Ransomware,Ransomware,0,1
RANSOMWARE_014,Ransomware,CVA,remove_encryption_and_coercion,Backdoor,Ransomware,Ransomware,0,0
RANSOMWARE_015,Ransomware,Direct,modify_c2,Ransomware,Ransomware,Ransomware,0,1
RANSOMWARE_015,Ransomware,Direct,remove_persistence,Ransomware,Ransomware,Ransomware,0,1
RANSOMWARE_015,Ransomware,Direct,remove_encryption_and_coercion,Backdoor,Ransomware,Ransomware,0,0
RANSOMWARE_015,Ransomware,CoT,modify_c2,Ransomware,Ransomware,Ransomware,0,1
RANSOMWARE_015,Ransomware,CoT,remove_persistence,Ransomware,Ransomware,Ransomware,0,1
RANSOMWARE_015,Ransomware,CoT,remove_encryption_and_coercion,Backdoor,Ransomware,Ransomware,0,0
RANSOMWARE_015,Ransomware,ToT,modify_c2,Ransomware,Ransomware,Ransomware,0,1
RANSOMWARE_015,Ransomware,ToT,remove_persistence,Ransomware,Ransomware,Ransomware,0,1
RANSOMWARE_015,Ransomware,ToT,remove_encryption_and_coercion,Backdoor,Ransomware,Ransomware,0,0
RANSOMWARE_015,Ransomware,CVA,modify_c2,Ransomware,Ransomware,Ransomware,0,1
RANSOMWARE_015,Ransomware,CVA,remove_persistence,Ransomware,Ransomware,Ransomware,0,1
RANSOMWARE_015,Ransomware,CVA,remove_encryption_and_coercion,Backdoor,Ransomware,Ransomware,0,0
RANSOMWARE_016,Ransomware,Direct,modify_c2,Ransomware,Ransomware,Ransomware,0,1
RANSOMWARE_016,Ransomware,Direct,remove_persistence,Ransomware,Ransomware,Ransomware,0,1
RANSOMWARE_016,Ransomware,Direct,remove_encryption_and_coercion,Backdoor,Ransomware,Ransomware,0,0
RANSOMWARE_016,Ransomware,CoT,modify_c2,Ransomware,Ransomware,Ransomware,0,1
RANSOMWARE_016,Ransomware,CoT,remove_persistence,Ransomware,Ransomware,Ransomware,0,1
RANSOMWARE_016,Ransomware,CoT,remove_encryption_and_coercion,Backdoor,Ransomware,Ransomware,0,0
RANSOMWARE_016,Ransomware,ToT,modify_c2,Ransomware,Ransomware,Ransomware,0,1
RANSOMWARE_016,Ransomware,ToT,remove_persistence,Ransomware,Ransomware,Ransomware,0,1
RANSOMWARE_016,Ransomware,ToT,remove_encryption_and_coercion,Backdoor,Ransomware,Ransomware,0,0
RANSOMWARE_016,Ransomware,CVA,modify_c2,Ransomware,Ransomware,Ransomware,0,1
RANSOMWARE_016,Ransomware,CVA,remove_persistence,Ransomware,Ransomware,Ransomware,0,1
RANSOMWARE_016,Ransomware,CVA,remove_encryption_and_coercion,Backdoor,Ransomware,Ransomware,0,0
RANSOMWARE_017,Ransomware,Direct,modify_c2,Ransomware,Ransomware,Ransomware,0,1
RANSOMWARE_017,Ransomware,Direct,remove_persistence,Ransomware,Ransomware,Ransomware,0,1
RANSOMWARE_017,Ransomware,Direct,remove_encryption_and_coercion,Backdoor,Ransomware,Ransomware,0,0
RANSOMWARE_017,Ransomware,CoT,modify_c2,Ransomware,Ransomware,Ransomware,0,1
RANSOMWARE_017,Ransomware,CoT,remove_persistence,Ransomware,Ransomware,Ransomware,0,1
RANSOMWARE_017,Ransomware,CoT,remove_encryption_and_coercion,Backdoor,Ransomware,Ransomware,0,0
RANSOMWARE_017,Ransomware,ToT,modify_c2,Ransomware,Ransomware,Ransomware,0,1
RANSOMWARE_017,Ransomware,ToT,remove_persistence,Ransomware,Ransomware,Ransomware,0,1
RANSOMWARE_017,Ransomware,ToT,remove_encryption_and_coercion,Backdoor,Ransomware,Ransomware,0,0
RANSOMWARE_017,Ransomware,CVA,modify_c2,Ransomware,Ransomware,Ransomware,0,1
RANSOMWARE_017,Ransomware,CVA,remove_persistence,Ransomware,Ransomware,Ransomware,0,1
RANSOMWARE_017,Ransomware,CVA,remove_encryption_and_coercion,Backdoor,Ransomware,Ransomware,0,0
RANSOMWARE_018,Ransomware,Direct,modify_c2,Ransomware,Ransomware,Ransomware,0,1
RANSOMWARE_018,Ransomware,Direct,remove_persistence,Ransomware,Ransomware,Ransomware,0,1
RANSOMWARE_018,Ransomware,Direct,remove_encryption_and_coercion,Backdoor,Ransomware,Backdoor,1,1
RANSOMWARE_018,Ransomware,CoT,modify_c2,Ransomware,Ransomware,Ransomware,0,1
RANSOMWARE_018,Ransomware,CoT,remove_persistence,Ransomware,Ransomware,Ransomware,0,1
RANSOMWARE_018,Ransomware,CoT,remove_encryption_and_coercion,Backdoor,Ransomware,Backdoor,1,1
RANSOMWARE_018,Ransomware,ToT,modify_c2,Ransomware,Ransomware,Ransomware,0,1
RANSOMWARE_018,Ransomware,ToT,remove_persistence,Ransomware,Ransomware,Ransomware,0,1
RANSOMWARE_018,Ransomware,ToT,remove_encryption_and_coercion,Backdoor,Ransomware,Backdoor,1,1
RANSOMWARE_018,Ransomware,CVA,modify_c2,Ransomware,Ransomware,Ransomware,0,1
RANSOMWARE_018,Ransomware,CVA,remove_persistence,Ransomware,Ransomware,Ransomware,0,1
RANSOMWARE_018,Ransomware,CVA,remove_encryption_and_coercion,Backdoor,Ransomware,Backdoor,1,1
RANSOMWARE_019,Ransomware,Direct,modify_c2,Ransomware,Ransomware,Ransomware,0,1
RANSOMWARE_019,Ransomware,Direct,remove_persistence,Ransomware,Ransomware,Ransomware,0,1
RANSOMWARE_019,Ransomware,Direct,remove_encryption_and_coercion,Backdoor,Ransomware,Ransomware,0,0
RANSOMWARE_019,Ransomware,CoT,modify_c2,Ransomware,Ransomware,Ransomware,0,1
RANSOMWARE_019,Ransomware,CoT,remove_persistence,Ransomware,Ransomware,Ransomware,0,1
RANSOMWARE_019,Ransomware,CoT,remove_encryption_and_coercion,Backdoor,Ransomware,Ransomware,0,0
RANSOMWARE_019,Ransomware,ToT,modify_c2,Ransomware,Ransomware,Ransomware,0,1
RANSOMWARE_019,Ransomware,ToT,remove_persistence,Ransomware,Ransomware,Ransomware,0,1
RANSOMWARE_019,Ransomware,ToT,remove_encryption_and_coercion,Backdoor,Ransomware,Ransomware,0,0
RANSOMWARE_019,Ransomware,CVA,modify_c2,Ransomware,Ransomware,Ransomware,0,1
RANSOMWARE_019,Ransomware,CVA,remove_persistence,Ransomware,Ransomware,Ransomware,0,1
RANSOMWARE_019,Ransomware,CVA,remove_encryption_and_coercion,Backdoor,Ransomware,Ransomware,0,0
RANSOMWARE_020,Ransomware,Direct,modify_c2,Ransomware,Ransomware,Ransomware,0,1
RANSOMWARE_020,Ransomware,Direct,remove_persistence,Ransomware,Ransomware,Ransomware,0,1
RANSOMWARE_020,Ransomware,Direct,remove_encryption_and_coercion,Backdoor,Ransomware,Ransomware,0,0
RANSOMWARE_020,Ransomware,CoT,modify_c2,Ransomware,Ransomware,Ransomware,0,1
RANSOMWARE_020,Ransomware,CoT,remove_persistence,Ransomware,Ransomware,Ransomware,0,1
RANSOMWARE_020,Ransomware,CoT,remove_encryption_and_coercion,Backdoor,Ransomware,Ransomware,0,0
RANSOMWARE_020,Ransomware,ToT,modify_c2,Ransomware,Ransomware,Ransomware,0,1
RANSOMWARE_020,Ransomware,ToT,remove_persistence,Ransomware,Ransomware,Ransomware,0,1
RANSOMWARE_020,Ransomware,ToT,remove_encryption_and_coercion,Backdoor,Ransomware,Ransomware,0,0
RANSOMWARE_020,Ransomware,CVA,modify_c2,Ransomware,Ransomware,Ransomware,0,1
RANSOMWARE_020,Ransomware,CVA,remove_persistence,Ransomware,Ransomware,Ransomware,0,1
RANSOMWARE_020,Ransomware,CVA,remove_encryption_and_coercion,Backdoor,Ransomware,Ransomware,0,0
RANSOMWARE_021,Ransomware,Direct,modify_c2,Ransomware,Ransomware,Ransomware,0,1
RANSOMWARE_021,Ransomware,Direct,remove_persistence,Ransomware,Ransomware,Ransomware,0,1
RANSOMWARE_021,Ransomware,Direct,remove_encryption_and_coercion,Backdoor,Ransomware,Backdoor,1,1
RANSOMWARE_021,Ransomware,CoT,modify_c2,Ransomware,Ransomware,Ransomware,0,1
RANSOMWARE_021,Ransomware,CoT,remove_persistence,Ransomware,Ransomware,Ransomware,0,1
RANSOMWARE_021,Ransomware,CoT,remove_encryption_and_coercion,Backdoor,Ransomware,Backdoor,1,1
RANSOMWARE_021,Ransomware,ToT,modify_c2,Ransomware,Ransomware,Ransomware,0,1
RANSOMWARE_021,Ransomware,ToT,remove_persistence,Ransomware,Ransomware,Ransomware,0,1
RANSOMWARE_021,Ransomware,ToT,remove_encryption_and_coercion,Backdoor,Ransomware,Backdoor,1,1
RANSOMWARE_021,Ransomware,CVA,modify_c2,Ransomware,Ransomware,Ransomware,0,1
RANSOMWARE_021,Ransomware,CVA,remove_persistence,Ransomware,Ransomware,Ransomware,0,1
RANSOMWARE_021,Ransomware,CVA,remove_encryption_and_coercion,Backdoor,Ransomware,Backdoor,1,1
RANSOMWARE_022,Ransomware,Direct,modify_c2,Ransomware,Ransomware,Ransomware,0,1
RANSOMWARE_022,Ransomware,Direct,remove_persistence,Ransomware,Ransomware,Ransomware,0,1
RANSOMWARE_022,Ransomware,Direct,remove_encryption_and_coercion,Backdoor,Ransomware,Ransomware,0,0
RANSOMWARE_022,Ransomware,CoT,modify_c2,Ransomware,Ransomware,Ransomware,0,1
RANSOMWARE_022,Ransomware,CoT,remove_persistence,Ransomware,Ransomware,Ransomware,0,1
RANSOMWARE_022,Ransomware,CoT,remove_encryption_and_coercion,Backdoor,Ransomware,Ransomware,0,0
RANSOMWARE_022,Ransomware,ToT,modify_c2,Ransomware,Ransomware,Ransomware,0,1
RANSOMWARE_022,Ransomware,ToT,remove_persistence,Ransomware,Ransomware,Ransomware,0,1
RANSOMWARE_022,Ransomware,ToT,remove_encryption_and_coercion,Backdoor,Ransomware,Ransomware,0,0
RANSOMWARE_022,Ransomware,CVA,modify_c2,Ransomware,Ransomware,Ransomware,0,1
RANSOMWARE_022,Ransomware,CVA,remove_persistence,Ransomware,Ransomware,Ransomware,0,1
RANSOMWARE_022,Ransomware,CVA,remove_encryption_and_coercion,Backdoor,Ransomware,Ransomware,0,0
RANSOMWARE_023,Ransomware,Direct,modify_c2,Ransomware,Ransomware,Ransomware,0,1
RANSOMWARE_023,Ransomware,Direct,remove_persistence,Ransomware,Ransomware,Ransomware,0,1
RANSOMWARE_023,Ransomware,Direct,remove_encryption_and_coercion,Backdoor,Ransomware,Ransomware,0,0
RANSOMWARE_023,Ransomware,CoT,modify_c2,Ransomware,Ransomware,Ransomware,0,1
RANSOMWARE_023,Ransomware,CoT,remove_persistence,Ransomware,Ransomware,Ransomware,0,1
RANSOMWARE_023,Ransomware,CoT,remove_encryption_and_coercion,Backdoor,Ransomware,Ransomware,0,0
RANSOMWARE_023,Ransomware,ToT,modify_c2,Ransomware,Ransomware,Ransomware,0,1
RANSOMWARE_023,Ransomware,ToT,remove_persistence,Ransomware,Ransomware,Ransomware,0,1
RANSOMWARE_023,Ransomware,ToT,remove_encryption_and_coercion,Backdoor,Ransomware,Ransomware,0,0
RANSOMWARE_023,Ransomware,CVA,modify_c2,Ransomware,Ransomware,Ransomware,0,1
RANSOMWARE_023,Ransomware,CVA,remove_persistence,Ransomware,Ransomware,Ransomware,0,1
RANSOMWARE_023,Ransomware,CVA,remove_encryption_and_coercion,Backdoor,Ransomware,Ransomware,0,0
RANSOMWARE_024,Ransomware,Direct,modify_c2,Ransomware,Ransomware,Ransomware,0,1
RANSOMWARE_024,Ransomware,Direct,remove_persistence,Ransomware,Ransomware,Ransomware,0,1
RANSOMWARE_024,Ransomware,Direct,remove_encryption_and_coercion,Backdoor,Ransomware,Ransomware,0,0
RANSOMWARE_024,Ransomware,CoT,modify_c2,Ransomware,Ransomware,Ransomware,0,1
RANSOMWARE_024,Ransomware,CoT,remove_persistence,Ransomware,Ransomware,Ransomware,0,1
RANSOMWARE_024,Ransomware,CoT,remove_encryption_and_coercion,Backdoor,Ransomware,Ransomware,0,0
RANSOMWARE_024,Ransomware,ToT,modify_c2,Ransomware,Ransomware,Ransomware,0,1
RANSOMWARE_024,Ransomware,ToT,remove_persistence,Ransomware,Ransomware,Ransomware,0,1
RANSOMWARE_024,Ransomware,ToT,remove_encryption_and_coercion,Backdoor,Ransomware,Ransomware,0,0
RANSOMWARE_024,Ransomware,CVA,modify_c2,Ransomware,Ransomware,Ransomware,0,1
RANSOMWARE_024,Ransomware,CVA,remove_persistence,Ransomware,Ransomware,Ransomware,0,1
RANSOMWARE_024,Ransomware,CVA,remove_encryption_and_coercion,Backdoor,Ransomware,Ransomware,0,0
RANSOMWARE_025,Ransomware,Direct,modify_c2,Ransomware,Ransomware,Ransomware,0,1
RANSOMWARE_025,Ransomware,Direct,remove_persistence,Ransomware,Ransomware,Ransomware,0,1
RANSOMWARE_025,Ransomware,Direct,remove_encryption_and_coercion,Backdoor,Ransomware,Ransomware,0,0
RANSOMWARE_025,Ransomware,CoT,modify_c2,Ransomware,Ransomware,Ransomware,0,1
RANSOMWARE_025,Ransomware,CoT,remove_persistence,Ransomware,Ransomware,Ransomware,0,1
RANSOMWARE_025,Ransomware,CoT,remove_encryption_and_coercion,Backdoor,Ransomware,Ransomware,0,0
RANSOMWARE_025,Ransomware,ToT,modify_c2,Ransomware,Ransomware,Ransomware,0,1
RANSOMWARE_025,Ransomware,ToT,remove_persistence,Ransomware,Ransomware,Ransomware,0,1
RANSOMWARE_025,Ransomware,ToT,remove_encryption_and_coercion,Backdoor,Ransomware,Ransomware,0,0
RANSOMWARE_025,Ransomware,CVA,modify_c2,Ransomware,Ransomware,Ransomware,0,1
RANSOMWARE_025,Ransomware,CVA,remove_persistence,Ransomware,Ransomware,Ransomware,0,1
RANSOMWARE_025,Ransomware,CVA,remove_encryption_and_coercion,Backdoor,Ransomware,Ransomware,0,0
INFOSTEALER_001,Infostealer,Direct,modify_c2,Infostealer,Infostealer,Infostealer,0,1
INFOSTEALER_001,Infostealer,Direct,remove_persistence,Infostealer,Infostealer,Infostealer,0,1
INFOSTEALER_001,Infostealer,Direct,remove_credential_access,Benign,Infostealer,Backdoor,1,0
INFOSTEALER_001,Infostealer,CoT,modify_c2,Infostealer,Infostealer,Infostealer,0,1
INFOSTEALER_001,Infostealer,CoT,remove_persistence,Infostealer,Infostealer,Infostealer,0,1
INFOSTEALER_001,Infostealer,CoT,remove_credential_access,Benign,Infostealer,Infostealer,0,0
INFOSTEALER_001,Infostealer,ToT,modify_c2,Infostealer,Infostealer,Infostealer,0,1
INFOSTEALER_001,Infostealer,ToT,remove_persistence,Infostealer,Infostealer,Infostealer,0,1
INFOSTEALER_001,Infostealer,ToT,remove_credential_access,Benign,Infostealer,Infostealer,0,0
INFOSTEALER_001,Infostealer,CVA,modify_c2,Infostealer,Infostealer,Infostealer,0,1
INFOSTEALER_001,Infostealer,CVA,remove_persistence,Infostealer,Infostealer,Infostealer,0,1
INFOSTEALER_001,Infostealer,CVA,remove_credential_access,Benign,Infostealer,Infostealer,0,0
INFOSTEALER_002,Infostealer,Direct,modify_c2,Infostealer,Infostealer,Infostealer,0,1
INFOSTEALER_002,Infostealer,Direct,remove_persistence,Infostealer,Infostealer,Infostealer,0,1
INFOSTEALER_002,Infostealer,Direct,remove_credential_access,Benign,Infostealer,Backdoor,1,0
INFOSTEALER_002,Infostealer,CoT,modify_c2,Infostealer,Infostealer,Infostealer,0,1
INFOSTEALER_002,Infostealer,CoT,remove_persistence,Infostealer,Infostealer,Infostealer,0,1
INFOSTEALER_002,Infostealer,CoT,remove_credential_access,Benign,Infostealer,Backdoor,1,0
INFOSTEALER_002,Infostealer,ToT,modify_c2,Infostealer,Infostealer,Infostealer,0,1
INFOSTEALER_002,Infostealer,ToT,remove_persistence,Infostealer,Infostealer,Infostealer,0,1
INFOSTEALER_002,Infostealer,ToT,remove_credential_access,Benign,Infostealer,Infostealer,0,0
INFOSTEALER_002,Infostealer,CVA,modify_c2,Infostealer,Infostealer,Infostealer,0,1
INFOSTEALER_002,Infostealer,CVA,remove_persistence,Infostealer,Infostealer,Infostealer,0,1
INFOSTEALER_002,Infostealer,CVA,remove_credential_access,Benign,Infostealer,Infostealer,0,0
INFOSTEALER_003,Infostealer,Direct,modify_c2,Infostealer,Infostealer,Infostealer,0,1
INFOSTEALER_003,Infostealer,Direct,remove_persistence,Infostealer,Infostealer,Infostealer,0,1
INFOSTEALER_003,Infostealer,Direct,remove_credential_access,Benign,Infostealer,Infostealer,0,0
INFOSTEALER_003,Infostealer,CoT,modify_c2,Infostealer,Infostealer,Infostealer,0,1
INFOSTEALER_003,Infostealer,CoT,remove_persistence,Infostealer,Infostealer,Infostealer,0,1
INFOSTEALER_003,Infostealer,CoT,remove_credential_access,Benign,Infostealer,Infostealer,0,0
INFOSTEALER_003,Infostealer,ToT,modify_c2,Infostealer,Infostealer,Infostealer,0,1
INFOSTEALER_003,Infostealer,ToT,remove_persistence,Infostealer,Infostealer,Infostealer,0,1
INFOSTEALER_003,Infostealer,ToT,remove_credential_access,Benign,Infostealer,Infostealer,0,0
INFOSTEALER_003,Infostealer,CVA,modify_c2,Infostealer,Infostealer,Infostealer,0,1
INFOSTEALER_003,Infostealer,CVA,remove_persistence,Infostealer,Infostealer,Infostealer,0,1
INFOSTEALER_003,Infostealer,CVA,remove_credential_access,Benign,Infostealer,Infostealer,0,0
INFOSTEALER_004,Infostealer,Direct,modify_c2,Infostealer,Infostealer,Infostealer,0,1
INFOSTEALER_004,Infostealer,Direct,remove_persistence,Infostealer,Infostealer,Infostealer,0,1
INFOSTEALER_004,Infostealer,Direct,remove_credential_access,Benign,Infostealer,Infostealer,0,0
INFOSTEALER_004,Infostealer,CoT,modify_c2,Infostealer,Infostealer,Infostealer,0,1
INFOSTEALER_004,Infostealer,CoT,remove_persistence,Infostealer,Infostealer,Infostealer,0,1
INFOSTEALER_004,Infostealer,CoT,remove_credential_access,Benign,Infostealer,Infostealer,0,0
INFOSTEALER_004,Infostealer,ToT,modify_c2,Infostealer,Infostealer,Infostealer,0,1
INFOSTEALER_004,Infostealer,ToT,remove_persistence,Infostealer,Infostealer,Infostealer,0,1
INFOSTEALER_004,Infostealer,ToT,remove_credential_access,Benign,Infostealer,Infostealer,0,0
INFOSTEALER_004,Infostealer,CVA,modify_c2,Infostealer,Infostealer,Infostealer,0,1
INFOSTEALER_004,Infostealer,CVA,remove_persistence,Infostealer,Infostealer,Infostealer,0,1
INFOSTEALER_004,Infostealer,CVA,remove_credential_access,Benign,Infostealer,Infostealer,0,0
INFOSTEALER_005,Infostealer,Direct,modify_c2,Infostealer,Infostealer,Infostealer,0,1
INFOSTEALER_005,Infostealer,Direct,remove_persistence,Infostealer,Infostealer,Infostealer,0,1
INFOSTEALER_005,Infostealer,Direct,remove_credential_access,Benign,Infostealer,Backdoor,1,0
INFOSTEALER_005,Infostealer,CoT,modify_c2,Infostealer,Infostealer,Infostealer,0,1
INFOSTEALER_005,Infostealer,CoT,remove_persistence,Infostealer,Infostealer,Infostealer,0,1
INFOSTEALER_005,Infostealer,CoT,remove_credential_access,Benign,Infostealer,Backdoor,1,0
INFOSTEALER_005,Infostealer,ToT,modify_c2,Infostealer,Infostealer,Infostealer,0,1
INFOSTEALER_005,Infostealer,ToT,remove_persistence,Infostealer,Infostealer,Infostealer,0,1
INFOSTEALER_005,Infostealer,ToT,remove_credential_access,Benign,Infostealer,Infostealer,0,0
INFOSTEALER_005,Infostealer,CVA,modify_c2,Infostealer,Infostealer,Infostealer,0,1
INFOSTEALER_005,Infostealer,CVA,remove_persistence,Infostealer,Infostealer,Infostealer,0,1
INFOSTEALER_005,Infostealer,CVA,remove_credential_access,Benign,Infostealer,Infostealer,0,0
INFOSTEALER_006,Infostealer,Direct,modify_c2,Infostealer,Infostealer,Infostealer,0,1
INFOSTEALER_006,Infostealer,Direct,remove_persistence,Infostealer,Infostealer,Infostealer,0,1
INFOSTEALER_006,Infostealer,Direct,remove_credential_access,Benign,Infostealer,Infostealer,0,0
INFOSTEALER_006,Infostealer,CoT,modify_c2,Infostealer,Infostealer,Infostealer,0,1
INFOSTEALER_006,Infostealer,CoT,remove_persistence,Infostealer,Infostealer,Infostealer,0,1
INFOSTEALER_006,Infostealer,CoT,remove_credential_access,Benign,Infostealer,Infostealer,0,0
INFOSTEALER_006,Infostealer,ToT,modify_c2,Infostealer,Infostealer,Infostealer,0,1
INFOSTEALER_006,Infostealer,ToT,remove_persistence,Infostealer,Infostealer,Infostealer,0,1
INFOSTEALER_006,Infostealer,ToT,remove_credential_access,Benign,Infostealer,Infostealer,0,0
INFOSTEALER_006,Infostealer,CVA,modify_c2,Infostealer,Infostealer,Infostealer,0,1
INFOSTEALER_006,Infostealer,CVA,remove_persistence,Infostealer,Infostealer,Infostealer,0,1
INFOSTEALER_006,Infostealer,CVA,remove_credential_access,Benign,Infostealer,Infostealer,0,0
INFOSTEALER_007,Infostealer,Direct,modify_c2,Infostealer,Infostealer,Infostealer,0,1
INFOSTEALER_007,Infostealer,Direct,remove_persistence,Infostealer,Infostealer,Infostealer,0,1
INFOSTEALER_007,Infostealer,Direct,remove_credential_access,Benign,Infostealer,Infostealer,0,0
INFOSTEALER_007,Infostealer,CoT,modify_c2,Infostealer,Infostealer,Infostealer,0,1
INFOSTEALER_007,Infostealer,CoT,remove_persistence,Infostealer,Infostealer,Infostealer,0,1
INFOSTEALER_007,Infostealer,CoT,remove_credential_access,Benign,Infostealer,Infostealer,0,0
INFOSTEALER_007,Infostealer,ToT,modify_c2,Infostealer,Infostealer,Infostealer,0,1
INFOSTEALER_007,Infostealer,ToT,remove_persistence,Infostealer,Infostealer,Infostealer,0,1
INFOSTEALER_007,Infostealer,ToT,remove_credential_access,Benign,Infostealer,Infostealer,0,0
INFOSTEALER_007,Infostealer,CVA,modify_c2,Infostealer,Infostealer,Infostealer,0,1
INFOSTEALER_007,Infostealer,CVA,remove_persistence,Infostealer,Infostealer,Infostealer,0,1
INFOSTEALER_007,Infostealer,CVA,remove_credential_access,Benign,Infostealer,Infostealer,0,0
INFOSTEALER_008,Infostealer,Direct,modify_c2,Infostealer,Infostealer,Infostealer,0,1
INFOSTEALER_008,Infostealer,Direct,remove_persistence,Infostealer,Infostealer,Infostealer,0,1
INFOSTEALER_008,Infostealer,Direct,remove_credential_access,Benign,Infostealer,Backdoor,1,0
INFOSTEALER_008,Infostealer,CoT,modify_c2,Infostealer,Infostealer,Infostealer,0,1
INFOSTEALER_008,Infostealer,CoT,remove_persistence,Infostealer,Infostealer,Infostealer,0,1
INFOSTEALER_008,Infostealer,CoT,remove_credential_access,Benign,Infostealer,Backdoor,1,0
INFOSTEALER_008,Infostealer,ToT,modify_c2,Infostealer,Infostealer,Infostealer,0,1
INFOSTEALER_008,Infostealer,ToT,remove_persistence,Infostealer,Infostealer,Infostealer,0,1
INFOSTEALER_008,Infostealer,ToT,remove_credential_access,Benign,Infostealer,Infostealer,0,0
INFOSTEALER_008,Infostealer,CVA,modify_c2,Infostealer,Infostealer,Infostealer,0,1
INFOSTEALER_008,Infostealer,CVA,remove_persistence,Infostealer,Infostealer,Infostealer,0,1
INFOSTEALER_008,Infostealer,CVA,remove_credential_access,Benign,Infostealer,Backdoor,1,0
INFOSTEALER_009,Infostealer,Direct,modify_c2,Infostealer,Infostealer,Infostealer,0,1
INFOSTEALER_009,Infostealer,Direct,remove_persistence,Infostealer,Infostealer,Infostealer,0,1
INFOSTEALER_009,Infostealer,Direct,remove_credential_access,Benign,Infostealer,Infostealer,0,0
INFOSTEALER_009,Infostealer,CoT,modify_c2,Infostealer,Infostealer,Infostealer,0,1
INFOSTEALER_009,Infostealer,CoT,remove_persistence,Infostealer,Infostealer,Infostealer,0,1
INFOSTEALER_009,Infostealer,CoT,remove_credential_access,Benign,Infostealer,Infostealer,0,0
INFOSTEALER_009,Infostealer,ToT,modify_c2,Infostealer,Infostealer,Infostealer,0,1
INFOSTEALER_009,Infostealer,ToT,remove_persistence,Infostealer,Infostealer,Infostealer,0,1
INFOSTEALER_009,Infostealer,ToT,remove_credential_access,Benign,Infostealer,Infostealer,0,0
INFOSTEALER_009,Infostealer,CVA,modify_c2,Infostealer,Infostealer,Infostealer,0,1
INFOSTEALER_009,Infostealer,CVA,remove_persistence,Infostealer,Infostealer,Infostealer,0,1
INFOSTEALER_009,Infostealer,CVA,remove_credential_access,Benign,Infostealer,Infostealer,0,0
INFOSTEALER_010,Infostealer,Direct,modify_c2,Infostealer,Infostealer,Infostealer,0,1
INFOSTEALER_010,Infostealer,Direct,remove_persistence,Infostealer,Infostealer,Infostealer,0,1
INFOSTEALER_010,Infostealer,Direct,remove_credential_access,Benign,Infostealer,Infostealer,0,0
INFOSTEALER_010,Infostealer,CoT,modify_c2,Infostealer,Infostealer,Infostealer,0,1
INFOSTEALER_010,Infostealer,CoT,remove_persistence,Infostealer,Infostealer,Infostealer,0,1
INFOSTEALER_010,Infostealer,CoT,remove_credential_access,Benign,Infostealer,Infostealer,0,0
INFOSTEALER_010,Infostealer,ToT,modify_c2,Infostealer,Infostealer,Infostealer,0,1
INFOSTEALER_010,Infostealer,ToT,remove_persistence,Infostealer,Infostealer,Infostealer,0,1
INFOSTEALER_010,Infostealer,ToT,remove_credential_access,Benign,Infostealer,Infostealer,0,0
INFOSTEALER_010,Infostealer,CVA,modify_c2,Infostealer,Infostealer,Infostealer,0,1
INFOSTEALER_010,Infostealer,CVA,remove_persistence,Infostealer,Infostealer,Infostealer,0,1
INFOSTEALER_010,Infostealer,CVA,remove_credential_access,Benign,Infostealer,Infostealer,0,0
INFOSTEALER_011,Infostealer,Direct,modify_c2,Infostealer,Infostealer,Infostealer,0,1
INFOSTEALER_011,Infostealer,Direct,remove_persistence,Infostealer,Infostealer,Infostealer,0,1
INFOSTEALER_011,Infostealer,Direct,remove_credential_access,Benign,Infostealer,Infostealer,0,0
INFOSTEALER_011,Infostealer,CoT,modify_c2,Infostealer,Infostealer,Infostealer,0,1
INFOSTEALER_011,Infostealer,CoT,remove_persistence,Infostealer,Infostealer,Infostealer,0,1
INFOSTEALER_011,Infostealer,CoT,remove_credential_access,Benign,Infostealer,Infostealer,0,0
INFOSTEALER_011,Infostealer,ToT,modify_c2,Infostealer,Infostealer,Infostealer,0,1
INFOSTEALER_011,Infostealer,ToT,remove_persistence,Infostealer,Infostealer,Infostealer,0,1
INFOSTEALER_011,Infostealer,ToT,remove_credential_access,Benign,Infostealer,Infostealer,0,0
INFOSTEALER_011,Infostealer,CVA,modify_c2,Infostealer,Infostealer,Infostealer,0,1
INFOSTEALER_011,Infostealer,CVA,remove_persistence,Infostealer,Infostealer,Infostealer,0,1
INFOSTEALER_011,Infostealer,CVA,remove_credential_access,Benign,Infostealer,Infostealer,0,0
INFOSTEALER_012,Infostealer,Direct,modify_c2,Infostealer,Infostealer,Infostealer,0,1
INFOSTEALER_012,Infostealer,Direct,remove_persistence,Infostealer,Infostealer,Infostealer,0,1
INFOSTEALER_012,Infostealer,Direct,remove_credential_access,Benign,Infostealer,Infostealer,0,0
INFOSTEALER_012,Infostealer,CoT,modify_c2,Infostealer,Infostealer,Infostealer,0,1
INFOSTEALER_012,Infostealer,CoT,remove_persistence,Infostealer,Infostealer,Infostealer,0,1
INFOSTEALER_012,Infostealer,CoT,remove_credential_access,Benign,Infostealer,Infostealer,0,0
INFOSTEALER_012,Infostealer,ToT,modify_c2,Infostealer,Infostealer,Infostealer,0,1
INFOSTEALER_012,Infostealer,ToT,remove_persistence,Infostealer,Infostealer,Infostealer,0,1
INFOSTEALER_012,Infostealer,ToT,remove_credential_access,Benign,Infostealer,Infostealer,0,0
INFOSTEALER_012,Infostealer,CVA,modify_c2,Infostealer,Infostealer,Infostealer,0,1
INFOSTEALER_012,Infostealer,CVA,remove_persistence,Infostealer,Infostealer,Infostealer,0,1
INFOSTEALER_012,Infostealer,CVA,remove_credential_access,Benign,Infostealer,Infostealer,0,0
INFOSTEALER_013,Infostealer,Direct,modify_c2,Infostealer,Infostealer,Infostealer,0,1
INFOSTEALER_013,Infostealer,Direct,remove_persistence,Infostealer,Infostealer,Infostealer,0,1
INFOSTEALER_013,Infostealer,Direct,remove_credential_access,Benign,Infostealer,Backdoor,1,0
INFOSTEALER_013,Infostealer,CoT,modify_c2,Infostealer,Infostealer,Infostealer,0,1
INFOSTEALER_013,Infostealer,CoT,remove_persistence,Infostealer,Infostealer,Infostealer,0,1
INFOSTEALER_013,Infostealer,CoT,remove_credential_access,Benign,Infostealer,Infostealer,0,0
INFOSTEALER_013,Infostealer,ToT,modify_c2,Infostealer,Infostealer,Infostealer,0,1
INFOSTEALER_013,Infostealer,ToT,remove_persistence,Infostealer,Infostealer,Infostealer,0,1
INFOSTEALER_013,Infostealer,ToT,remove_credential_access,Benign,Infostealer,Infostealer,0,0
INFOSTEALER_013,Infostealer,CVA,modify_c2,Infostealer,Infostealer,Infostealer,0,1
INFOSTEALER_013,Infostealer,CVA,remove_persistence,Infostealer,Infostealer,Infostealer,0,1
INFOSTEALER_013,Infostealer,CVA,remove_credential_access,Benign,Infostealer,Infostealer,0,0
INFOSTEALER_014,Infostealer,Direct,modify_c2,Infostealer,Infostealer,Infostealer,0,1
INFOSTEALER_014,Infostealer,Direct,remove_persistence,Infostealer,Infostealer,Infostealer,0,1
INFOSTEALER_014,Infostealer,Direct,remove_credential_access,Benign,Infostealer,Backdoor,1,0
INFOSTEALER_014,Infostealer,CoT,modify_c2,Infostealer,Infostealer,Infostealer,0,1
INFOSTEALER_014,Infostealer,CoT,remove_persistence,Infostealer,Infostealer,Infostealer,0,1
INFOSTEALER_014,Infostealer,CoT,remove_credential_access,Benign,Infostealer,Backdoor,1,0
INFOSTEALER_014,Infostealer,ToT,modify_c2,Infostealer,Infostealer,Infostealer,0,1
INFOSTEALER_014,Infostealer,ToT,remove_persistence,Infostealer,Infostealer,Infostealer,0,1
INFOSTEALER_014,Infostealer,ToT,remove_credential_access,Benign,Infostealer,Infostealer,0,0
INFOSTEALER_014,Infostealer,CVA,modify_c2,Infostealer,Infostealer,Infostealer,0,1
INFOSTEALER_014,Infostealer,CVA,remove_persistence,Infostealer,Infostealer,Infostealer,0,1
INFOSTEALER_014,Infostealer,CVA,remove_credential_access,Benign,Infostealer,Backdoor,1,0
INFOSTEALER_015,Infostealer,Direct,modify_c2,Infostealer,Infostealer,Infostealer,0,1
INFOSTEALER_015,Infostealer,Direct,remove_persistence,Infostealer,Infostealer,Infostealer,0,1
INFOSTEALER_015,Infostealer,Direct,remove_credential_access,Benign,Infostealer,Infostealer,0,0
INFOSTEALER_015,Infostealer,CoT,modify_c2,Infostealer,Infostealer,Infostealer,0,1
INFOSTEALER_015,Infostealer,CoT,remove_persistence,Infostealer,Infostealer,Infostealer,0,1
INFOSTEALER_015,Infostealer,CoT,remove_credential_access,Benign,Infostealer,Infostealer,0,0
INFOSTEALER_015,Infostealer,ToT,modify_c2,Infostealer,Infostealer,Infostealer,0,1
INFOSTEALER_015,Infostealer,ToT,remove_persistence,Infostealer,Infostealer,Infostealer,0,1
INFOSTEALER_015,Infostealer,ToT,remove_credential_access,Benign,Infostealer,Infostealer,0,0
INFOSTEALER_015,Infostealer,CVA,modify_c2,Infostealer,Infostealer,Infostealer,0,1
INFOSTEALER_015,Infostealer,CVA,remove_persistence,Infostealer,Infostealer,Infostealer,0,1
INFOSTEALER_015,Infostealer,CVA,remove_credential_access,Benign,Infostealer,Infostealer,0,0
INFOSTEALER_016,Infostealer,Direct,modify_c2,Infostealer,Infostealer,Infostealer,0,1
INFOSTEALER_016,Infostealer,Direct,remove_persistence,Infostealer,Infostealer,Infostealer,0,1
INFOSTEALER_016,Infostealer,Direct,remove_credential_access,Benign,Infostealer,Infostealer,0,0
INFOSTEALER_016,Infostealer,CoT,modify_c2,Infostealer,Infostealer,Infostealer,0,1
INFOSTEALER_016,Infostealer,CoT,remove_persistence,Infostealer,Infostealer,Infostealer,0,1
INFOSTEALER_016,Infostealer,CoT,remove_credential_access,Benign,Infostealer,Infostealer,0,0
INFOSTEALER_016,Infostealer,ToT,modify_c2,Infostealer,Infostealer,Infostealer,0,1
INFOSTEALER_016,Infostealer,ToT,remove_persistence,Infostealer,Infostealer,Infostealer,0,1
INFOSTEALER_016,Infostealer,ToT,remove_credential_access,Benign,Infostealer,Infostealer,0,0
INFOSTEALER_016,Infostealer,CVA,modify_c2,Infostealer,Infostealer,Infostealer,0,1
INFOSTEALER_016,Infostealer,CVA,remove_persistence,Infostealer,Infostealer,Infostealer,0,1
INFOSTEALER_016,Infostealer,CVA,remove_credential_access,Benign,Infostealer,Infostealer,0,0
INFOSTEALER_017,Infostealer,Direct,modify_c2,Infostealer,Infostealer,Infostealer,0,1
INFOSTEALER_017,Infostealer,Direct,remove_persistence,Infostealer,Infostealer,Infostealer,0,1
INFOSTEALER_017,Infostealer,Direct,remove_credential_access,Benign,Infostealer,Infostealer,0,0
INFOSTEALER_017,Infostealer,CoT,modify_c2,Infostealer,Infostealer,Infostealer,0,1
INFOSTEALER_017,Infostealer,CoT,remove_persistence,Infostealer,Infostealer,Infostealer,0,1
INFOSTEALER_017,Infostealer,CoT,remove_credential_access,Benign,Infostealer,Infostealer,0,0
INFOSTEALER_017,Infostealer,ToT,modify_c2,Infostealer,Infostealer,Infostealer,0,1
INFOSTEALER_017,Infostealer,ToT,remove_persistence,Infostealer,Infostealer,Infostealer,0,1
INFOSTEALER_017,Infostealer,ToT,remove_credential_access,Benign,Infostealer,Infostealer,0,0
INFOSTEALER_017,Infostealer,CVA,modify_c2,Infostealer,Infostealer,Infostealer,0,1
INFOSTEALER_017,Infostealer,CVA,remove_persistence,Infostealer,Infostealer,Infostealer,0,1
INFOSTEALER_017,Infostealer,CVA,remove_credential_access,Benign,Infostealer,Infostealer,0,0
INFOSTEALER_018,Infostealer,Direct,modify_c2,Infostealer,Infostealer,Infostealer,0,1
INFOSTEALER_018,Infostealer,Direct,remove_persistence,Infostealer,Infostealer,Infostealer,0,1
INFOSTEALER_018,Infostealer,Direct,remove_credential_access,Benign,Infostealer,Infostealer,0,0
INFOSTEALER_018,Infostealer,CoT,modify_c2,Infostealer,Infostealer,Infostealer,0,1
INFOSTEALER_018,Infostealer,CoT,remove_persistence,Infostealer,Infostealer,Infostealer,0,1
INFOSTEALER_018,Infostealer,CoT,remove_credential_access,Benign,Infostealer,Infostealer,0,0
INFOSTEALER_018,Infostealer,ToT,modify_c2,Infostealer,Infostealer,Infostealer,0,1
INFOSTEALER_018,Infostealer,ToT,remove_persistence,Infostealer,Infostealer,Infostealer,0,1
INFOSTEALER_018,Infostealer,ToT,remove_credential_access,Benign,Infostealer,Infostealer,0,0
INFOSTEALER_018,Infostealer,CVA,modify_c2,Infostealer,Infostealer,Infostealer,0,1
INFOSTEALER_018,Infostealer,CVA,remove_persistence,Infostealer,Infostealer,Infostealer,0,1
INFOSTEALER_018,Infostealer,CVA,remove_credential_access,Benign,Infostealer,Infostealer,0,0
INFOSTEALER_019,Infostealer,Direct,modify_c2,Infostealer,Infostealer,Infostealer,0,1
INFOSTEALER_019,Infostealer,Direct,remove_persistence,Infostealer,Infostealer,Infostealer,0,1
INFOSTEALER_019,Infostealer,Direct,remove_credential_access,Benign,Infostealer,Infostealer,0,0
INFOSTEALER_019,Infostealer,CoT,modify_c2,Infostealer,Infostealer,Infostealer,0,1
INFOSTEALER_019,Infostealer,CoT,remove_persistence,Infostealer,Infostealer,Infostealer,0,1
INFOSTEALER_019,Infostealer,CoT,remove_credential_access,Benign,Infostealer,Infostealer,0,0
INFOSTEALER_019,Infostealer,ToT,modify_c2,Infostealer,Infostealer,Infostealer,0,1
INFOSTEALER_019,Infostealer,ToT,remove_persistence,Infostealer,Infostealer,Infostealer,0,1
INFOSTEALER_019,Infostealer,ToT,remove_credential_access,Benign,Infostealer,Infostealer,0,0
INFOSTEALER_019,Infostealer,CVA,modify_c2,Infostealer,Infostealer,Infostealer,0,1
INFOSTEALER_019,Infostealer,CVA,remove_persistence,Infostealer,Infostealer,Infostealer,0,1
INFOSTEALER_019,Infostealer,CVA,remove_credential_access,Benign,Infostealer,Infostealer,0,0
INFOSTEALER_020,Infostealer,Direct,modify_c2,Infostealer,Infostealer,Infostealer,0,1
INFOSTEALER_020,Infostealer,Direct,remove_persistence,Infostealer,Infostealer,Infostealer,0,1
INFOSTEALER_020,Infostealer,Direct,remove_credential_access,Benign,Infostealer,Infostealer,0,0
INFOSTEALER_020,Infostealer,CoT,modify_c2,Infostealer,Infostealer,Infostealer,0,1
INFOSTEALER_020,Infostealer,CoT,remove_persistence,Infostealer,Infostealer,Infostealer,0,1
INFOSTEALER_020,Infostealer,CoT,remove_credential_access,Benign,Infostealer,Backdoor,1,0
INFOSTEALER_020,Infostealer,ToT,modify_c2,Infostealer,Infostealer,Infostealer,0,1
INFOSTEALER_020,Infostealer,ToT,remove_persistence,Infostealer,Infostealer,Infostealer,0,1
INFOSTEALER_020,Infostealer,ToT,remove_credential_access,Benign,Infostealer,Infostealer,0,0
INFOSTEALER_020,Infostealer,CVA,modify_c2,Infostealer,Infostealer,Infostealer,0,1
INFOSTEALER_020,Infostealer,CVA,remove_persistence,Infostealer,Infostealer,Infostealer,0,1
INFOSTEALER_020,Infostealer,CVA,remove_credential_access,Benign,Infostealer,Backdoor,1,0
INFOSTEALER_021,Infostealer,Direct,modify_c2,Infostealer,Infostealer,Infostealer,0,1
INFOSTEALER_021,Infostealer,Direct,remove_persistence,Infostealer,Infostealer,Infostealer,0,1
INFOSTEALER_021,Infostealer,Direct,remove_credential_access,Benign,Infostealer,Infostealer,0,0
INFOSTEALER_021,Infostealer,CoT,modify_c2,Infostealer,Infostealer,Infostealer,0,1
INFOSTEALER_021,Infostealer,CoT,remove_persistence,Infostealer,Infostealer,Infostealer,0,1
INFOSTEALER_021,Infostealer,CoT,remove_credential_access,Benign,Infostealer,Infostealer,0,0
INFOSTEALER_021,Infostealer,ToT,modify_c2,Infostealer,Infostealer,Infostealer,0,1
INFOSTEALER_021,Infostealer,ToT,remove_persistence,Infostealer,Infostealer,Infostealer,0,1
INFOSTEALER_021,Infostealer,ToT,remove_credential_access,Benign,Infostealer,Infostealer,0,0
INFOSTEALER_021,Infostealer,CVA,modify_c2,Infostealer,Infostealer,Infostealer,0,1
INFOSTEALER_021,Infostealer,CVA,remove_persistence,Infostealer,Infostealer,Infostealer,0,1
INFOSTEALER_021,Infostealer,CVA,remove_credential_access,Benign,Infostealer,Infostealer,0,0
INFOSTEALER_022,Infostealer,Direct,modify_c2,Infostealer,Infostealer,Infostealer,0,1
INFOSTEALER_022,Infostealer,Direct,remove_persistence,Infostealer,Infostealer,Infostealer,0,1
INFOSTEALER_022,Infostealer,Direct,remove_credential_access,Benign,Infostealer,Infostealer,0,0
INFOSTEALER_022,Infostealer,CoT,modify_c2,Infostealer,Infostealer,Infostealer,0,1
INFOSTEALER_022,Infostealer,CoT,remove_persistence,Infostealer,Infostealer,Infostealer,0,1
INFOSTEALER_022,Infostealer,CoT,remove_credential_access,Benign,Infostealer,Infostealer,0,0
INFOSTEALER_022,Infostealer,ToT,modify_c2,Infostealer,Infostealer,Infostealer,0,1
INFOSTEALER_022,Infostealer,ToT,remove_persistence,Infostealer,Infostealer,Infostealer,0,1
INFOSTEALER_022,Infostealer,ToT,remove_credential_access,Benign,Infostealer,Infostealer,0,0
INFOSTEALER_022,Infostealer,CVA,modify_c2,Infostealer,Infostealer,Infostealer,0,1
INFOSTEALER_022,Infostealer,CVA,remove_persistence,Infostealer,Infostealer,Infostealer,0,1
INFOSTEALER_022,Infostealer,CVA,remove_credential_access,Benign,Infostealer,Infostealer,0,0
INFOSTEALER_023,Infostealer,Direct,modify_c2,Infostealer,Infostealer,Infostealer,0,1
INFOSTEALER_023,Infostealer,Direct,remove_persistence,Infostealer,Infostealer,Infostealer,0,1
INFOSTEALER_023,Infostealer,Direct,remove_credential_access,Benign,Infostealer,Backdoor,1,0
INFOSTEALER_023,Infostealer,CoT,modify_c2,Infostealer,Infostealer,Infostealer,0,1
INFOSTEALER_023,Infostealer,CoT,remove_persistence,Infostealer,Infostealer,Infostealer,0,1
INFOSTEALER_023,Infostealer,CoT,remove_credential_access,Benign,Infostealer,Infostealer,0,0
INFOSTEALER_023,Infostealer,ToT,modify_c2,Infostealer,Infostealer,Infostealer,0,1
INFOSTEALER_023,Infostealer,ToT,remove_persistence,Infostealer,Infostealer,Infostealer,0,1
INFOSTEALER_023,Infostealer,ToT,remove_credential_access,Benign,Infostealer,Infostealer,0,0
INFOSTEALER_023,Infostealer,CVA,modify_c2,Infostealer,Infostealer,Infostealer,0,1
INFOSTEALER_023,Infostealer,CVA,remove_persistence,Infostealer,Infostealer,Infostealer,0,1
INFOSTEALER_023,Infostealer,CVA,remove_credential_access,Benign,Infostealer,Infostealer,0,0
INFOSTEALER_024,Infostealer,Direct,modify_c2,Infostealer,Infostealer,Infostealer,0,1
INFOSTEALER_024,Infostealer,Direct,remove_persistence,Infostealer,Infostealer,Infostealer,0,1
INFOSTEALER_024,Infostealer,Direct,remove_credential_access,Benign,Infostealer,Infostealer,0,0
INFOSTEALER_024,Infostealer,CoT,modify_c2,Infostealer,Infostealer,Infostealer,0,1
INFOSTEALER_024,Infostealer,CoT,remove_persistence,Infostealer,Infostealer,Infostealer,0,1
INFOSTEALER_024,Infostealer,CoT,remove_credential_access,Benign,Infostealer,Infostealer,0,0
INFOSTEALER_024,Infostealer,ToT,modify_c2,Infostealer,Infostealer,Infostealer,0,1
INFOSTEALER_024,Infostealer,ToT,remove_persistence,Infostealer,Infostealer,Infostealer,0,1
INFOSTEALER_024,Infostealer,ToT,remove_credential_access,Benign,Infostealer,Infostealer,0,0
INFOSTEALER_024,Infostealer,CVA,modify_c2,Infostealer,Infostealer,Infostealer,0,1
INFOSTEALER_024,Infostealer,CVA,remove_persistence,Infostealer,Infostealer,Infostealer,0,1
INFOSTEALER_024,Infostealer,CVA,remove_credential_access,Benign,Infostealer,Infostealer,0,0
INFOSTEALER_025,Infostealer,Direct,modify_c2,Infostealer,Infostealer,Infostealer,0,1
INFOSTEALER_025,Infostealer,Direct,remove_persistence,Infostealer,Infostealer,Infostealer,0,1
INFOSTEALER_025,Infostealer,Direct,remove_credential_access,Benign,Infostealer,Infostealer,0,0
INFOSTEALER_025,Infostealer,CoT,modify_c2,Infostealer,Infostealer,Infostealer,0,1
INFOSTEALER_025,Infostealer,CoT,remove_persistence,Infostealer,Infostealer,Infostealer,0,1
INFOSTEALER_025,Infostealer,CoT,remove_credential_access,Benign,Infostealer,Infostealer,0,0
INFOSTEALER_025,Infostealer,ToT,modify_c2,Infostealer,Infostealer,Infostealer,0,1
INFOSTEALER_025,Infostealer,ToT,remove_persistence,Infostealer,Infostealer,Infostealer,0,1
INFOSTEALER_025,Infostealer,ToT,remove_credential_access,Benign,Infostealer,Infostealer,0,0
INFOSTEALER_025,Infostealer,CVA,modify_c2,Infostealer,Infostealer,Infostealer,0,1
INFOSTEALER_025,Infostealer,CVA,remove_persistence,Infostealer,Infostealer,Infostealer,0,1
INFOSTEALER_025,Infostealer,CVA,remove_credential_access,Benign,Infostealer,Infostealer,0,0
BACKDOOR_001,Backdoor,Direct,modify_c2,Backdoor,Backdoor,Backdoor,0,1
BACKDOOR_001,Backdoor,Direct,remove_persistence,Backdoor,Backdoor,Backdoor,0,1
BACKDOOR_001,Backdoor,Direct,remove_c2,Backdoor,Backdoor,Backdoor,0,1
BACKDOOR_001,Backdoor,CoT,modify_c2,Backdoor,Backdoor,Backdoor,0,1
BACKDOOR_001,Backdoor,CoT,remove_persistence,Backdoor,Backdoor,Backdoor,0,1
BACKDOOR_001,Backdoor,CoT,remove_c2,Backdoor,Backdoor,Backdoor,0,1
BACKDOOR_001,Backdoor,ToT,modify_c2,Backdoor,Backdoor,Backdoor,0,1
BACKDOOR_001,Backdoor,ToT,remove_persistence,Backdoor,Backdoor,Backdoor,0,1
BACKDOOR_001,Backdoor,ToT,remove_c2,Backdoor,Backdoor,Backdoor,0,1
BACKDOOR_001,Backdoor,CVA,modify_c2,Backdoor,Backdoor,Backdoor,0,1
BACKDOOR_001,Backdoor,CVA,remove_persistence,Backdoor,Backdoor,Backdoor,0,1
BACKDOOR_001,Backdoor,CVA,remove_c2,Backdoor,Backdoor,Backdoor,0,1
BACKDOOR_002,Backdoor,Direct,modify_c2,Backdoor,Backdoor,Backdoor,0,1
BACKDOOR_002,Backdoor,Direct,remove_persistence,Backdoor,Backdoor,Backdoor,0,1
BACKDOOR_002,Backdoor,Direct,remove_c2,Backdoor,Backdoor,Backdoor,0,1
BACKDOOR_002,Backdoor,CoT,modify_c2,Backdoor,Backdoor,Backdoor,0,1
BACKDOOR_002,Backdoor,CoT,remove_persistence,Backdoor,Backdoor,Backdoor,0,1
BACKDOOR_002,Backdoor,CoT,remove_c2,Backdoor,Backdoor,Backdoor,0,1
BACKDOOR_002,Backdoor,ToT,modify_c2,Backdoor,Backdoor,Backdoor,0,1
BACKDOOR_002,Backdoor,ToT,remove_persistence,Backdoor,Backdoor,Backdoor,0,1
BACKDOOR_002,Backdoor,ToT,remove_c2,Backdoor,Backdoor,Backdoor,0,1
BACKDOOR_002,Backdoor,CVA,modify_c2,Backdoor,Backdoor,Backdoor,0,1
BACKDOOR_002,Backdoor,CVA,remove_persistence,Backdoor,Backdoor,Backdoor,0,1
BACKDOOR_002,Backdoor,CVA,remove_c2,Backdoor,Backdoor,Backdoor,0,1
BACKDOOR_003,Backdoor,Direct,modify_c2,Backdoor,Backdoor,Backdoor,0,1
BACKDOOR_003,Backdoor,Direct,remove_persistence,Backdoor,Backdoor,Backdoor,0,1
BACKDOOR_003,Backdoor,Direct,remove_c2,Backdoor,Backdoor,Backdoor,0,1
BACKDOOR_003,Backdoor,CoT,modify_c2,Backdoor,Backdoor,Backdoor,0,1
BACKDOOR_003,Backdoor,CoT,remove_persistence,Backdoor,Backdoor,Backdoor,0,1
BACKDOOR_003,Backdoor,CoT,remove_c2,Backdoor,Backdoor,Backdoor,0,1
BACKDOOR_003,Backdoor,ToT,modify_c2,Backdoor,Backdoor,Backdoor,0,1
BACKDOOR_003,Backdoor,ToT,remove_persistence,Backdoor,Backdoor,Backdoor,0,1
BACKDOOR_003,Backdoor,ToT,remove_c2,Backdoor,Backdoor,Backdoor,0,1
BACKDOOR_003,Backdoor,CVA,modify_c2,Backdoor,Backdoor,Backdoor,0,1
BACKDOOR_003,Backdoor,CVA,remove_persistence,Backdoor,Backdoor,Backdoor,0,1
BACKDOOR_003,Backdoor,CVA,remove_c2,Backdoor,Backdoor,Backdoor,0,1
BACKDOOR_004,Backdoor,Direct,modify_c2,Backdoor,Backdoor,Backdoor,0,1
BACKDOOR_004,Backdoor,Direct,remove_persistence,Backdoor,Backdoor,Backdoor,0,1
BACKDOOR_004,Backdoor,Direct,remove_c2,Backdoor,Backdoor,Backdoor,0,1
BACKDOOR_004,Backdoor,CoT,modify_c2,Backdoor,Backdoor,Backdoor,0,1
BACKDOOR_004,Backdoor,CoT,remove_persistence,Backdoor,Backdoor,Backdoor,0,1
BACKDOOR_004,Backdoor,CoT,remove_c2,Backdoor,Backdoor,Backdoor,0,1
BACKDOOR_004,Backdoor,ToT,modify_c2,Backdoor,Backdoor,Backdoor,0,1
BACKDOOR_004,Backdoor,ToT,remove_persistence,Backdoor,Backdoor,Backdoor,0,1
BACKDOOR_004,Backdoor,ToT,remove_c2,Backdoor,Backdoor,Backdoor,0,1
BACKDOOR_004,Backdoor,CVA,modify_c2,Backdoor,Backdoor,Backdoor,0,1
BACKDOOR_004,Backdoor,CVA,remove_persistence,Backdoor,Backdoor,Backdoor,0,1
BACKDOOR_004,Backdoor,CVA,remove_c2,Backdoor,Backdoor,Backdoor,0,1
BACKDOOR_005,Backdoor,Direct,modify_c2,Backdoor,Backdoor,Backdoor,0,1
BACKDOOR_005,Backdoor,Direct,remove_persistence,Backdoor,Backdoor,Backdoor,0,1
BACKDOOR_005,Backdoor,Direct,remove_c2,Backdoor,Backdoor,Backdoor,0,1
BACKDOOR_005,Backdoor,CoT,modify_c2,Backdoor,Backdoor,Backdoor,0,1
BACKDOOR_005,Backdoor,CoT,remove_persistence,Backdoor,Backdoor,Backdoor,0,1
BACKDOOR_005,Backdoor,CoT,remove_c2,Backdoor,Backdoor,Backdoor,0,1
BACKDOOR_005,Backdoor,ToT,modify_c2,Backdoor,Backdoor,Backdoor,0,1
BACKDOOR_005,Backdoor,ToT,remove_persistence,Backdoor,Backdoor,Backdoor,0,1
BACKDOOR_005,Backdoor,ToT,remove_c2,Backdoor,Backdoor,Backdoor,0,1
BACKDOOR_005,Backdoor,CVA,modify_c2,Backdoor,Backdoor,Backdoor,0,1
BACKDOOR_005,Backdoor,CVA,remove_persistence,Backdoor,Backdoor,Backdoor,0,1
BACKDOOR_005,Backdoor,CVA,remove_c2,Backdoor,Backdoor,Backdoor,0,1
BACKDOOR_006,Backdoor,Direct,modify_c2,Backdoor,Backdoor,Backdoor,0,1
BACKDOOR_006,Backdoor,Direct,remove_persistence,Backdoor,Backdoor,Backdoor,0,1
BACKDOOR_006,Backdoor,Direct,remove_c2,Backdoor,Backdoor,Backdoor,0,1
BACKDOOR_006,Backdoor,CoT,modify_c2,Backdoor,Backdoor,Backdoor,0,1
BACKDOOR_006,Backdoor,CoT,remove_persistence,Backdoor,Backdoor,Backdoor,0,1
BACKDOOR_006,Backdoor,CoT,remove_c2,Backdoor,Backdoor,Backdoor,0,1
BACKDOOR_006,Backdoor,ToT,modify_c2,Backdoor,Backdoor,Backdoor,0,1
BACKDOOR_006,Backdoor,ToT,remove_persistence,Backdoor,Backdoor,Backdoor,0,1
BACKDOOR_006,Backdoor,ToT,remove_c2,Backdoor,Backdoor,Backdoor,0,1
BACKDOOR_006,Backdoor,CVA,modify_c2,Backdoor,Backdoor,Backdoor,0,1
BACKDOOR_006,Backdoor,CVA,remove_persistence,Backdoor,Backdoor,Backdoor,0,1
BACKDOOR_006,Backdoor,CVA,remove_c2,Backdoor,Backdoor,Backdoor,0,1
BACKDOOR_007,Backdoor,Direct,modify_c2,Backdoor,Backdoor,Backdoor,0,1
BACKDOOR_007,Backdoor,Direct,remove_persistence,Backdoor,Backdoor,Backdoor,0,1
BACKDOOR_007,Backdoor,Direct,remove_c2,Backdoor,Backdoor,Backdoor,0,1
BACKDOOR_007,Backdoor,CoT,modify_c2,Backdoor,Backdoor,Backdoor,0,1
BACKDOOR_007,Backdoor,CoT,remove_persistence,Backdoor,Backdoor,Backdoor,0,1
BACKDOOR_007,Backdoor,CoT,remove_c2,Backdoor,Backdoor,Backdoor,0,1
BACKDOOR_007,Backdoor,ToT,modify_c2,Backdoor,Backdoor,Backdoor,0,1
BACKDOOR_007,Backdoor,ToT,remove_persistence,Backdoor,Backdoor,Backdoor,0,1
BACKDOOR_007,Backdoor,ToT,remove_c2,Backdoor,Backdoor,Backdoor,0,1
BACKDOOR_007,Backdoor,CVA,modify_c2,Backdoor,Backdoor,Backdoor,0,1
BACKDOOR_007,Backdoor,CVA,remove_persistence,Backdoor,Backdoor,Backdoor,0,1
BACKDOOR_007,Backdoor,CVA,remove_c2,Backdoor,Backdoor,Backdoor,0,1
BACKDOOR_008,Backdoor,Direct,modify_c2,Backdoor,Backdoor,Backdoor,0,1
BACKDOOR_008,Backdoor,Direct,remove_persistence,Backdoor,Backdoor,Backdoor,0,1
BACKDOOR_008,Backdoor,Direct,remove_c2,Backdoor,Backdoor,Backdoor,0,1
BACKDOOR_008,Backdoor,CoT,modify_c2,Backdoor,Backdoor,Backdoor,0,1
BACKDOOR_008,Backdoor,CoT,remove_persistence,Backdoor,Backdoor,Backdoor,0,1
BACKDOOR_008,Backdoor,CoT,remove_c2,Backdoor,Backdoor,Backdoor,0,1
BACKDOOR_008,Backdoor,ToT,modify_c2,Backdoor,Backdoor,Backdoor,0,1
BACKDOOR_008,Backdoor,ToT,remove_persistence,Backdoor,Backdoor,Backdoor,0,1
BACKDOOR_008,Backdoor,ToT,remove_c2,Backdoor,Backdoor,Backdoor,0,1
BACKDOOR_008,Backdoor,CVA,modify_c2,Backdoor,Backdoor,Backdoor,0,1
BACKDOOR_008,Backdoor,CVA,remove_persistence,Backdoor,Backdoor,Backdoor,0,1
BACKDOOR_008,Backdoor,CVA,remove_c2,Backdoor,Backdoor,Backdoor,0,1
BACKDOOR_009,Backdoor,Direct,modify_c2,Backdoor,Backdoor,Backdoor,0,1
BACKDOOR_009,Backdoor,Direct,remove_persistence,Backdoor,Backdoor,Backdoor,0,1
BACKDOOR_009,Backdoor,Direct,remove_c2,Backdoor,Backdoor,Backdoor,0,1
BACKDOOR_009,Backdoor,CoT,modify_c2,Backdoor,Backdoor,Backdoor,0,1
BACKDOOR_009,Backdoor,CoT,remove_persistence,Backdoor,Backdoor,Backdoor,0,1
BACKDOOR_009,Backdoor,CoT,remove_c2,Backdoor,Backdoor,Backdoor,0,1
BACKDOOR_009,Backdoor,ToT,modify_c2,Backdoor,Backdoor,Backdoor,0,1
BACKDOOR_009,Backdoor,ToT,remove_persistence,Backdoor,Backdoor,Backdoor,0,1
BACKDOOR_009,Backdoor,ToT,remove_c2,Backdoor,Backdoor,Backdoor,0,1
BACKDOOR_009,Backdoor,CVA,modify_c2,Backdoor,Backdoor,Backdoor,0,1
BACKDOOR_009,Backdoor,CVA,remove_persistence,Backdoor,Backdoor,Backdoor,0,1
BACKDOOR_009,Backdoor,CVA,remove_c2,Backdoor,Backdoor,Backdoor,0,1
BACKDOOR_010,Backdoor,Direct,modify_c2,Backdoor,Backdoor,Backdoor,0,1
BACKDOOR_010,Backdoor,Direct,remove_persistence,Backdoor,Backdoor,Backdoor,0,1
BACKDOOR_010,Backdoor,Direct,remove_c2,Backdoor,Backdoor,Backdoor,0,1
BACKDOOR_010,Backdoor,CoT,modify_c2,Backdoor,Backdoor,Backdoor,0,1
BACKDOOR_010,Backdoor,CoT,remove_persistence,Backdoor,Backdoor,Backdoor,0,1
BACKDOOR_010,Backdoor,CoT,remove_c2,Backdoor,Backdoor,Backdoor,0,1
BACKDOOR_010,Backdoor,ToT,modify_c2,Backdoor,Backdoor,Backdoor,0,1
BACKDOOR_010,Backdoor,ToT,remove_persistence,Backdoor,Backdoor,Backdoor,0,1
BACKDOOR_010,Backdoor,ToT,remove_c2,Backdoor,Backdoor,Backdoor,0,1
BACKDOOR_010,Backdoor,CVA,modify_c2,Backdoor,Backdoor,Backdoor,0,1
BACKDOOR_010,Backdoor,CVA,remove_persistence,Backdoor,Backdoor,Backdoor,0,1
BACKDOOR_010,Backdoor,CVA,remove_c2,Backdoor,Backdoor,Backdoor,0,1
BACKDOOR_011,Backdoor,Direct,modify_c2,Backdoor,Backdoor,Backdoor,0,1
BACKDOOR_011,Backdoor,Direct,remove_persistence,Backdoor,Backdoor,Backdoor,0,1
BACKDOOR_011,Backdoor,Direct,remove_c2,Backdoor,Backdoor,Backdoor,0,1
BACKDOOR_011,Backdoor,CoT,modify_c2,Backdoor,Backdoor,Backdoor,0,1
BACKDOOR_011,Backdoor,CoT,remove_persistence,Backdoor,Backdoor,Backdoor,0,1
BACKDOOR_011,Backdoor,CoT,remove_c2,Backdoor,Backdoor,Backdoor,0,1
BACKDOOR_011,Backdoor,ToT,modify_c2,Backdoor,Backdoor,Backdoor,0,1
BACKDOOR_011,Backdoor,ToT,remove_persistence,Backdoor,Backdoor,Backdoor,0,1
BACKDOOR_011,Backdoor,ToT,remove_c2,Backdoor,Backdoor,Backdoor,0,1
BACKDOOR_011,Backdoor,CVA,modify_c2,Backdoor,Backdoor,Backdoor,0,1
BACKDOOR_011,Backdoor,CVA,remove_persistence,Backdoor,Backdoor,Backdoor,0,1
BACKDOOR_011,Backdoor,CVA,remove_c2,Backdoor,Backdoor,Backdoor,0,1
BACKDOOR_012,Backdoor,Direct,modify_c2,Backdoor,Backdoor,Backdoor,0,1
BACKDOOR_012,Backdoor,Direct,remove_persistence,Backdoor,Backdoor,Backdoor,0,1
BACKDOOR_012,Backdoor,Direct,remove_c2,Backdoor,Backdoor,Backdoor,0,1
BACKDOOR_012,Backdoor,CoT,modify_c2,Backdoor,Backdoor,Backdoor,0,1
BACKDOOR_012,Backdoor,CoT,remove_persistence,Backdoor,Backdoor,Backdoor,0,1
BACKDOOR_012,Backdoor,CoT,remove_c2,Backdoor,Backdoor,Backdoor,0,1
BACKDOOR_012,Backdoor,ToT,modify_c2,Backdoor,Backdoor,Backdoor,0,1
BACKDOOR_012,Backdoor,ToT,remove_persistence,Backdoor,Backdoor,Backdoor,0,1
BACKDOOR_012,Backdoor,ToT,remove_c2,Backdoor,Backdoor,Backdoor,0,1
BACKDOOR_012,Backdoor,CVA,modify_c2,Backdoor,Backdoor,Backdoor,0,1
BACKDOOR_012,Backdoor,CVA,remove_persistence,Backdoor,Backdoor,Backdoor,0,1
BACKDOOR_012,Backdoor,CVA,remove_c2,Backdoor,Backdoor,Backdoor,0,1
BACKDOOR_013,Backdoor,Direct,modify_c2,Backdoor,Backdoor,Backdoor,0,1
BACKDOOR_013,Backdoor,Direct,remove_persistence,Backdoor,Backdoor,Backdoor,0,1
BACKDOOR_013,Backdoor,Direct,remove_c2,Backdoor,Backdoor,Backdoor,0,1
BACKDOOR_013,Backdoor,CoT,modify_c2,Backdoor,Backdoor,Backdoor,0,1
BACKDOOR_013,Backdoor,CoT,remove_persistence,Backdoor,Backdoor,Backdoor,0,1
BACKDOOR_013,Backdoor,CoT,remove_c2,Backdoor,Backdoor,Backdoor,0,1
BACKDOOR_013,Backdoor,ToT,modify_c2,Backdoor,Backdoor,Backdoor,0,1
BACKDOOR_013,Backdoor,ToT,remove_persistence,Backdoor,Backdoor,Backdoor,0,1
BACKDOOR_013,Backdoor,ToT,remove_c2,Backdoor,Backdoor,Backdoor,0,1
BACKDOOR_013,Backdoor,CVA,modify_c2,Backdoor,Backdoor,Backdoor,0,1
BACKDOOR_013,Backdoor,CVA,remove_persistence,Backdoor,Backdoor,Backdoor,0,1
BACKDOOR_013,Backdoor,CVA,remove_c2,Backdoor,Backdoor,Backdoor,0,1
BACKDOOR_014,Backdoor,Direct,modify_c2,Backdoor,Backdoor,Backdoor,0,1
BACKDOOR_014,Backdoor,Direct,remove_persistence,Backdoor,Backdoor,Backdoor,0,1
BACKDOOR_014,Backdoor,Direct,remove_c2,Backdoor,Backdoor,Backdoor,0,1
BACKDOOR_014,Backdoor,CoT,modify_c2,Backdoor,Backdoor,Backdoor,0,1
BACKDOOR_014,Backdoor,CoT,remove_persistence,Backdoor,Backdoor,Backdoor,0,1
BACKDOOR_014,Backdoor,CoT,remove_c2,Backdoor,Backdoor,Backdoor,0,1
BACKDOOR_014,Backdoor,ToT,modify_c2,Backdoor,Backdoor,Backdoor,0,1
BACKDOOR_014,Backdoor,ToT,remove_persistence,Backdoor,Backdoor,Backdoor,0,1
BACKDOOR_014,Backdoor,ToT,remove_c2,Backdoor,Backdoor,Backdoor,0,1
BACKDOOR_014,Backdoor,CVA,modify_c2,Backdoor,Backdoor,Backdoor,0,1
BACKDOOR_014,Backdoor,CVA,remove_persistence,Backdoor,Backdoor,Backdoor,0,1
BACKDOOR_014,Backdoor,CVA,remove_c2,Backdoor,Backdoor,Backdoor,0,1
BACKDOOR_015,Backdoor,Direct,modify_c2,Backdoor,Backdoor,Backdoor,0,1
BACKDOOR_015,Backdoor,Direct,remove_persistence,Backdoor,Backdoor,Backdoor,0,1
BACKDOOR_015,Backdoor,Direct,remove_c2,Backdoor,Backdoor,Backdoor,0,1
BACKDOOR_015,Backdoor,CoT,modify_c2,Backdoor,Backdoor,Backdoor,0,1
BACKDOOR_015,Backdoor,CoT,remove_persistence,Backdoor,Backdoor,Backdoor,0,1
BACKDOOR_015,Backdoor,CoT,remove_c2,Backdoor,Backdoor,Backdoor,0,1
BACKDOOR_015,Backdoor,ToT,modify_c2,Backdoor,Backdoor,Backdoor,0,1
BACKDOOR_015,Backdoor,ToT,remove_persistence,Backdoor,Backdoor,Backdoor,0,1
BACKDOOR_015,Backdoor,ToT,remove_c2,Backdoor,Backdoor,Backdoor,0,1
BACKDOOR_015,Backdoor,CVA,modify_c2,Backdoor,Backdoor,Backdoor,0,1
BACKDOOR_015,Backdoor,CVA,remove_persistence,Backdoor,Backdoor,Backdoor,0,1
BACKDOOR_015,Backdoor,CVA,remove_c2,Backdoor,Backdoor,Backdoor,0,1
BACKDOOR_016,Backdoor,Direct,modify_c2,Backdoor,Backdoor,Backdoor,0,1
BACKDOOR_016,Backdoor,Direct,remove_persistence,Backdoor,Backdoor,Backdoor,0,1
BACKDOOR_016,Backdoor,Direct,remove_c2,Backdoor,Backdoor,Backdoor,0,1
BACKDOOR_016,Backdoor,CoT,modify_c2,Backdoor,Backdoor,Backdoor,0,1
BACKDOOR_016,Backdoor,CoT,remove_persistence,Backdoor,Backdoor,Backdoor,0,1
BACKDOOR_016,Backdoor,CoT,remove_c2,Backdoor,Backdoor,Backdoor,0,1
BACKDOOR_016,Backdoor,ToT,modify_c2,Backdoor,Backdoor,Backdoor,0,1
BACKDOOR_016,Backdoor,ToT,remove_persistence,Backdoor,Backdoor,Backdoor,0,1
BACKDOOR_016,Backdoor,ToT,remove_c2,Backdoor,Backdoor,Backdoor,0,1
BACKDOOR_016,Backdoor,CVA,modify_c2,Backdoor,Backdoor,Backdoor,0,1
BACKDOOR_016,Backdoor,CVA,remove_persistence,Backdoor,Backdoor,Backdoor,0,1
BACKDOOR_016,Backdoor,CVA,remove_c2,Backdoor,Backdoor,Backdoor,0,1
BACKDOOR_017,Backdoor,Direct,modify_c2,Backdoor,Backdoor,Backdoor,0,1
BACKDOOR_017,Backdoor,Direct,remove_persistence,Backdoor,Backdoor,Backdoor,0,1
BACKDOOR_017,Backdoor,Direct,remove_c2,Backdoor,Backdoor,Backdoor,0,1
BACKDOOR_017,Backdoor,CoT,modify_c2,Backdoor,Backdoor,Backdoor,0,1
BACKDOOR_017,Backdoor,CoT,remove_persistence,Backdoor,Backdoor,Backdoor,0,1
BACKDOOR_017,Backdoor,CoT,remove_c2,Backdoor,Backdoor,Backdoor,0,1
BACKDOOR_017,Backdoor,ToT,modify_c2,Backdoor,Backdoor,Backdoor,0,1
BACKDOOR_017,Backdoor,ToT,remove_persistence,Backdoor,Backdoor,Backdoor,0,1
BACKDOOR_017,Backdoor,ToT,remove_c2,Backdoor,Backdoor,Backdoor,0,1
BACKDOOR_017,Backdoor,CVA,modify_c2,Backdoor,Backdoor,Backdoor,0,1
BACKDOOR_017,Backdoor,CVA,remove_persistence,Backdoor,Backdoor,Backdoor,0,1
BACKDOOR_017,Backdoor,CVA,remove_c2,Backdoor,Backdoor,Backdoor,0,1
BACKDOOR_018,Backdoor,Direct,modify_c2,Backdoor,Backdoor,Backdoor,0,1
BACKDOOR_018,Backdoor,Direct,remove_persistence,Backdoor,Backdoor,Backdoor,0,1
BACKDOOR_018,Backdoor,Direct,remove_c2,Backdoor,Backdoor,Backdoor,0,1
BACKDOOR_018,Backdoor,CoT,modify_c2,Backdoor,Backdoor,Backdoor,0,1
BACKDOOR_018,Backdoor,CoT,remove_persistence,Backdoor,Backdoor,Backdoor,0,1
BACKDOOR_018,Backdoor,CoT,remove_c2,Backdoor,Backdoor,Backdoor,0,1
BACKDOOR_018,Backdoor,ToT,modify_c2,Backdoor,Backdoor,Backdoor,0,1
BACKDOOR_018,Backdoor,ToT,remove_persistence,Backdoor,Backdoor,Backdoor,0,1
BACKDOOR_018,Backdoor,ToT,remove_c2,Backdoor,Backdoor,Backdoor,0,1
BACKDOOR_018,Backdoor,CVA,modify_c2,Backdoor,Backdoor,Backdoor,0,1
BACKDOOR_018,Backdoor,CVA,remove_persistence,Backdoor,Backdoor,Backdoor,0,1
BACKDOOR_018,Backdoor,CVA,remove_c2,Backdoor,Backdoor,Backdoor,0,1
BACKDOOR_019,Backdoor,Direct,modify_c2,Backdoor,Backdoor,Backdoor,0,1
BACKDOOR_019,Backdoor,Direct,remove_persistence,Backdoor,Backdoor,Backdoor,0,1
BACKDOOR_019,Backdoor,Direct,remove_c2,Backdoor,Backdoor,Backdoor,0,1
BACKDOOR_019,Backdoor,CoT,modify_c2,Backdoor,Backdoor,Backdoor,0,1
BACKDOOR_019,Backdoor,CoT,remove_persistence,Backdoor,Backdoor,Backdoor,0,1
BACKDOOR_019,Backdoor,CoT,remove_c2,Backdoor,Backdoor,Backdoor,0,1
BACKDOOR_019,Backdoor,ToT,modify_c2,Backdoor,Backdoor,Backdoor,0,1
BACKDOOR_019,Backdoor,ToT,remove_persistence,Backdoor,Backdoor,Backdoor,0,1
BACKDOOR_019,Backdoor,ToT,remove_c2,Backdoor,Backdoor,Backdoor,0,1
BACKDOOR_019,Backdoor,CVA,modify_c2,Backdoor,Backdoor,Backdoor,0,1
BACKDOOR_019,Backdoor,CVA,remove_persistence,Backdoor,Backdoor,Backdoor,0,1
BACKDOOR_019,Backdoor,CVA,remove_c2,Backdoor,Backdoor,Backdoor,0,1
BACKDOOR_020,Backdoor,Direct,modify_c2,Backdoor,Backdoor,Backdoor,0,1
BACKDOOR_020,Backdoor,Direct,remove_persistence,Backdoor,Backdoor,Backdoor,0,1
BACKDOOR_020,Backdoor,Direct,remove_c2,Backdoor,Backdoor,Backdoor,0,1
BACKDOOR_020,Backdoor,CoT,modify_c2,Backdoor,Backdoor,Backdoor,0,1
BACKDOOR_020,Backdoor,CoT,remove_persistence,Backdoor,Backdoor,Backdoor,0,1
BACKDOOR_020,Backdoor,CoT,remove_c2,Backdoor,Backdoor,Backdoor,0,1
BACKDOOR_020,Backdoor,ToT,modify_c2,Backdoor,Backdoor,Backdoor,0,1
BACKDOOR_020,Backdoor,ToT,remove_persistence,Backdoor,Backdoor,Backdoor,0,1
BACKDOOR_020,Backdoor,ToT,remove_c2,Backdoor,Backdoor,Backdoor,0,1
BACKDOOR_020,Backdoor,CVA,modify_c2,Backdoor,Backdoor,Backdoor,0,1
BACKDOOR_020,Backdoor,CVA,remove_persistence,Backdoor,Backdoor,Backdoor,0,1
BACKDOOR_020,Backdoor,CVA,remove_c2,Backdoor,Backdoor,Backdoor,0,1
BACKDOOR_021,Backdoor,Direct,modify_c2,Backdoor,Backdoor,Backdoor,0,1
BACKDOOR_021,Backdoor,Direct,remove_persistence,Backdoor,Backdoor,Backdoor,0,1
BACKDOOR_021,Backdoor,Direct,remove_c2,Backdoor,Backdoor,Backdoor,0,1
BACKDOOR_021,Backdoor,CoT,modify_c2,Backdoor,Backdoor,Backdoor,0,1
BACKDOOR_021,Backdoor,CoT,remove_persistence,Backdoor,Backdoor,Backdoor,0,1
BACKDOOR_021,Backdoor,CoT,remove_c2,Backdoor,Backdoor,Backdoor,0,1
BACKDOOR_021,Backdoor,ToT,modify_c2,Backdoor,Backdoor,Backdoor,0,1
BACKDOOR_021,Backdoor,ToT,remove_persistence,Backdoor,Backdoor,Backdoor,0,1
BACKDOOR_021,Backdoor,ToT,remove_c2,Backdoor,Backdoor,Backdoor,0,1
BACKDOOR_021,Backdoor,CVA,modify_c2,Backdoor,Backdoor,Backdoor,0,1
BACKDOOR_021,Backdoor,CVA,remove_persistence,Backdoor,Backdoor,Backdoor,0,1
BACKDOOR_021,Backdoor,CVA,remove_c2,Backdoor,Backdoor,Backdoor,0,1
BACKDOOR_022,Backdoor,Direct,modify_c2,Backdoor,Backdoor,Backdoor,0,1
BACKDOOR_022,Backdoor,Direct,remove_persistence,Backdoor,Backdoor,Backdoor,0,1
BACKDOOR_022,Backdoor,Direct,remove_c2,Backdoor,Backdoor,Backdoor,0,1
BACKDOOR_022,Backdoor,CoT,modify_c2,Backdoor,Backdoor,Backdoor,0,1
BACKDOOR_022,Backdoor,CoT,remove_persistence,Backdoor,Backdoor,Backdoor,0,1
BACKDOOR_022,Backdoor,CoT,remove_c2,Backdoor,Backdoor,Backdoor,0,1
BACKDOOR_022,Backdoor,ToT,modify_c2,Backdoor,Backdoor,Backdoor,0,1
BACKDOOR_022,Backdoor,ToT,remove_persistence,Backdoor,Backdoor,Backdoor,0,1
BACKDOOR_022,Backdoor,ToT,remove_c2,Backdoor,Backdoor,Backdoor,0,1
BACKDOOR_022,Backdoor,CVA,modify_c2,Backdoor,Backdoor,Backdoor,0,1
BACKDOOR_022,Backdoor,CVA,remove_persistence,Backdoor,Backdoor,Backdoor,0,1
BACKDOOR_022,Backdoor,CVA,remove_c2,Backdoor,Backdoor,Backdoor,0,1
BACKDOOR_023,Backdoor,Direct,modify_c2,Backdoor,Backdoor,Backdoor,0,1
BACKDOOR_023,Backdoor,Direct,remove_persistence,Backdoor,Backdoor,Backdoor,0,1
BACKDOOR_023,Backdoor,Direct,remove_c2,Backdoor,Backdoor,Backdoor,0,1
BACKDOOR_023,Backdoor,CoT,modify_c2,Backdoor,Backdoor,Backdoor,0,1
BACKDOOR_023,Backdoor,CoT,remove_persistence,Backdoor,Backdoor,Backdoor,0,1
BACKDOOR_023,Backdoor,CoT,remove_c2,Backdoor,Backdoor,Backdoor,0,1
BACKDOOR_023,Backdoor,ToT,modify_c2,Backdoor,Backdoor,Backdoor,0,1
BACKDOOR_023,Backdoor,ToT,remove_persistence,Backdoor,Backdoor,Backdoor,0,1
BACKDOOR_023,Backdoor,ToT,remove_c2,Backdoor,Backdoor,Backdoor,0,1
BACKDOOR_023,Backdoor,CVA,modify_c2,Backdoor,Backdoor,Backdoor,0,1
BACKDOOR_023,Backdoor,CVA,remove_persistence,Backdoor,Backdoor,Backdoor,0,1
BACKDOOR_023,Backdoor,CVA,remove_c2,Backdoor,Backdoor,Backdoor,0,1
BACKDOOR_024,Backdoor,Direct,modify_c2,Backdoor,Backdoor,Backdoor,0,1
BACKDOOR_024,Backdoor,Direct,remove_persistence,Backdoor,Backdoor,Backdoor,0,1
BACKDOOR_024,Backdoor,Direct,remove_c2,Backdoor,Backdoor,Backdoor,0,1
BACKDOOR_024,Backdoor,CoT,modify_c2,Backdoor,Backdoor,Backdoor,0,1
BACKDOOR_024,Backdoor,CoT,remove_persistence,Backdoor,Backdoor,Backdoor,0,1
BACKDOOR_024,Backdoor,CoT,remove_c2,Backdoor,Backdoor,Backdoor,0,1
BACKDOOR_024,Backdoor,ToT,modify_c2,Backdoor,Backdoor,Backdoor,0,1
BACKDOOR_024,Backdoor,ToT,remove_persistence,Backdoor,Backdoor,Backdoor,0,1
BACKDOOR_024,Backdoor,ToT,remove_c2,Backdoor,Backdoor,Backdoor,0,1
BACKDOOR_024,Backdoor,CVA,modify_c2,Backdoor,Backdoor,Backdoor,0,1
BACKDOOR_024,Backdoor,CVA,remove_persistence,Backdoor,Backdoor,Backdoor,0,1
BACKDOOR_024,Backdoor,CVA,remove_c2,Backdoor,Backdoor,Backdoor,0,1
BACKDOOR_025,Backdoor,Direct,modify_c2,Backdoor,Backdoor,Backdoor,0,1
BACKDOOR_025,Backdoor,Direct,remove_persistence,Backdoor,Backdoor,Backdoor,0,1
BACKDOOR_025,Backdoor,Direct,remove_c2,Backdoor,Backdoor,Backdoor,0,1
BACKDOOR_025,Backdoor,CoT,modify_c2,Backdoor,Backdoor,Backdoor,0,1
BACKDOOR_025,Backdoor,CoT,remove_persistence,Backdoor,Backdoor,Backdoor,0,1
BACKDOOR_025,Backdoor,CoT,remove_c2,Backdoor,Backdoor,Backdoor,0,1
BACKDOOR_025,Backdoor,ToT,modify_c2,Backdoor,Backdoor,Backdoor,0,1
BACKDOOR_025,Backdoor,ToT,remove_persistence,Backdoor,Backdoor,Backdoor,0,1
BACKDOOR_025,Backdoor,ToT,remove_c2,Backdoor,Backdoor,Backdoor,0,1
BACKDOOR_025,Backdoor,CVA,modify_c2,Backdoor,Backdoor,Backdoor,0,1
BACKDOOR_025,Backdoor,CVA,remove_persistence,Backdoor,Backdoor,Backdoor,0,1
BACKDOOR_025,Backdoor,CVA,remove_c2,Backdoor,Backdoor,Backdoor,0,1
BENIGN_001,Benign,Direct,mask_encryption,Benign,Benign,Benign,0,1
BENIGN_001,Benign,Direct,modify_c2,Benign,Benign,Benign,0,1
BENIGN_001,Benign,Direct,inject_c2_backdoor,Backdoor,Benign,Backdoor,1,1
BENIGN_001,Benign,CoT,mask_encryption,Benign,Benign,Benign,0,1
BENIGN_001,Benign,CoT,modify_c2,Benign,Benign,Benign,0,1
BENIGN_001,Benign,CoT,inject_c2_backdoor,Backdoor,Benign,Backdoor,1,1
BENIGN_001,Benign,ToT,mask_encryption,Benign,Benign,Benign,0,1
BENIGN_001,Benign,ToT,modify_c2,Benign,Benign,Benign,0,1
BENIGN_001,Benign,ToT,inject_c2_backdoor,Backdoor,Benign,Backdoor,1,1
BENIGN_001,Benign,CVA,mask_encryption,Benign,Benign,Benign,0,1
BENIGN_001,Benign,CVA,modify_c2,Benign,Benign,Benign,0,1
BENIGN_001,Benign,CVA,inject_c2_backdoor,Backdoor,Benign,Backdoor,1,1
BENIGN_002,Benign,Direct,mask_encryption,Benign,Benign,Benign,0,1
BENIGN_002,Benign,Direct,modify_c2,Benign,Benign,Benign,0,1
BENIGN_002,Benign,Direct,inject_c2_backdoor,Backdoor,Benign,Backdoor,1,1
BENIGN_002,Benign,CoT,mask_encryption,Benign,Benign,Benign,0,1
BENIGN_002,Benign,CoT,modify_c2,Benign,Benign,Benign,0,1
BENIGN_002,Benign,CoT,inject_c2_backdoor,Backdoor,Benign,Backdoor,1,1
BENIGN_002,Benign,ToT,mask_encryption,Benign,Benign,Benign,0,1
BENIGN_002,Benign,ToT,modify_c2,Benign,Benign,Benign,0,1
BENIGN_002,Benign,ToT,inject_c2_backdoor,Backdoor,Benign,Backdoor,1,1
BENIGN_002,Benign,CVA,mask_encryption,Benign,Benign,Benign,0,1
BENIGN_002,Benign,CVA,modify_c2,Benign,Benign,Benign,0,1
BENIGN_002,Benign,CVA,inject_c2_backdoor,Backdoor,Benign,Backdoor,1,1
BENIGN_003,Benign,Direct,mask_encryption,Benign,Benign,Benign,0,1
BENIGN_003,Benign,Direct,modify_c2,Benign,Benign,Benign,0,1
BENIGN_003,Benign,Direct,inject_c2_backdoor,Backdoor,Benign,Backdoor,1,1
BENIGN_003,Benign,CoT,mask_encryption,Benign,Benign,Benign,0,1
BENIGN_003,Benign,CoT,modify_c2,Benign,Benign,Benign,0,1
BENIGN_003,Benign,CoT,inject_c2_backdoor,Backdoor,Benign,Backdoor,1,1
BENIGN_003,Benign,ToT,mask_encryption,Benign,Benign,Benign,0,1
BENIGN_003,Benign,ToT,modify_c2,Benign,Benign,Benign,0,1
BENIGN_003,Benign,ToT,inject_c2_backdoor,Backdoor,Benign,Backdoor,1,1
BENIGN_003,Benign,CVA,mask_encryption,Benign,Benign,Benign,0,1
BENIGN_003,Benign,CVA,modify_c2,Benign,Benign,Benign,0,1
BENIGN_003,Benign,CVA,inject_c2_backdoor,Backdoor,Benign,Backdoor,1,1
BENIGN_004,Benign,Direct,mask_encryption,Benign,Benign,Benign,0,1
BENIGN_004,Benign,Direct,modify_c2,Benign,Benign,Benign,0,1
BENIGN_004,Benign,Direct,inject_c2_backdoor,Backdoor,Benign,Backdoor,1,1
BENIGN_004,Benign,CoT,mask_encryption,Benign,Benign,Benign,0,1
BENIGN_004,Benign,CoT,modify_c2,Benign,Benign,Benign,0,1
BENIGN_004,Benign,CoT,inject_c2_backdoor,Backdoor,Benign,Backdoor,1,1
BENIGN_004,Benign,ToT,mask_encryption,Benign,Benign,Benign,0,1
BENIGN_004,Benign,ToT,modify_c2,Benign,Benign,Benign,0,1
BENIGN_004,Benign,ToT,inject_c2_backdoor,Backdoor,Benign,Backdoor,1,1
BENIGN_004,Benign,CVA,mask_encryption,Benign,Benign,Benign,0,1
BENIGN_004,Benign,CVA,modify_c2,Benign,Benign,Benign,0,1
BENIGN_004,Benign,CVA,inject_c2_backdoor,Backdoor,Benign,Backdoor,1,1
BENIGN_005,Benign,Direct,mask_encryption,Benign,Benign,Benign,0,1
BENIGN_005,Benign,Direct,modify_c2,Benign,Benign,Benign,0,1
BENIGN_005,Benign,Direct,inject_c2_backdoor,Backdoor,Benign,Backdoor,1,1
BENIGN_005,Benign,CoT,mask_encryption,Benign,Benign,Benign,0,1
BENIGN_005,Benign,CoT,modify_c2,Benign,Benign,Benign,0,1
BENIGN_005,Benign,CoT,inject_c2_backdoor,Backdoor,Benign,Backdoor,1,1
BENIGN_005,Benign,ToT,mask_encryption,Benign,Benign,Benign,0,1
BENIGN_005,Benign,ToT,modify_c2,Benign,Benign,Benign,0,1
BENIGN_005,Benign,ToT,inject_c2_backdoor,Backdoor,Benign,Backdoor,1,1
BENIGN_005,Benign,CVA,mask_encryption,Benign,Benign,Benign,0,1
BENIGN_005,Benign,CVA,modify_c2,Benign,Benign,Benign,0,1
BENIGN_005,Benign,CVA,inject_c2_backdoor,Backdoor,Benign,Backdoor,1,1
BENIGN_006,Benign,Direct,mask_encryption,Benign,Benign,Benign,0,1
BENIGN_006,Benign,Direct,modify_c2,Benign,Benign,Benign,0,1
BENIGN_006,Benign,Direct,inject_c2_backdoor,Backdoor,Benign,Backdoor,1,1
BENIGN_006,Benign,CoT,mask_encryption,Benign,Benign,Benign,0,1
BENIGN_006,Benign,CoT,modify_c2,Benign,Benign,Benign,0,1
BENIGN_006,Benign,CoT,inject_c2_backdoor,Backdoor,Benign,Backdoor,1,1
BENIGN_006,Benign,ToT,mask_encryption,Benign,Benign,Benign,0,1
BENIGN_006,Benign,ToT,modify_c2,Benign,Benign,Benign,0,1
BENIGN_006,Benign,ToT,inject_c2_backdoor,Backdoor,Benign,Backdoor,1,1
BENIGN_006,Benign,CVA,mask_encryption,Benign,Benign,Benign,0,1
BENIGN_006,Benign,CVA,modify_c2,Benign,Benign,Benign,0,1
BENIGN_006,Benign,CVA,inject_c2_backdoor,Backdoor,Benign,Backdoor,1,1
BENIGN_007,Benign,Direct,mask_encryption,Benign,Benign,Benign,0,1
BENIGN_007,Benign,Direct,modify_c2,Benign,Benign,Benign,0,1
BENIGN_007,Benign,Direct,inject_c2_backdoor,Backdoor,Benign,Backdoor,1,1
BENIGN_007,Benign,CoT,mask_encryption,Benign,Benign,Benign,0,1
BENIGN_007,Benign,CoT,modify_c2,Benign,Benign,Benign,0,1
BENIGN_007,Benign,CoT,inject_c2_backdoor,Backdoor,Benign,Backdoor,1,1
BENIGN_007,Benign,ToT,mask_encryption,Benign,Benign,Benign,0,1
BENIGN_007,Benign,ToT,modify_c2,Benign,Benign,Benign,0,1
BENIGN_007,Benign,ToT,inject_c2_backdoor,Backdoor,Benign,Backdoor,1,1
BENIGN_007,Benign,CVA,mask_encryption,Benign,Benign,Benign,0,1
BENIGN_007,Benign,CVA,modify_c2,Benign,Benign,Benign,0,1
BENIGN_007,Benign,CVA,inject_c2_backdoor,Backdoor,Benign,Backdoor,1,1
BENIGN_008,Benign,Direct,mask_encryption,Benign,Benign,Benign,0,1
BENIGN_008,Benign,Direct,modify_c2,Benign,Benign,Benign,0,1
BENIGN_008,Benign,Direct,inject_c2_backdoor,Backdoor,Benign,Backdoor,1,1
BENIGN_008,Benign,CoT,mask_encryption,Benign,Benign,Benign,0,1
BENIGN_008,Benign,CoT,modify_c2,Benign,Benign,Benign,0,1
BENIGN_008,Benign,CoT,inject_c2_backdoor,Backdoor,Benign,Backdoor,1,1
BENIGN_008,Benign,ToT,mask_encryption,Benign,Benign,Benign,0,1
BENIGN_008,Benign,ToT,modify_c2,Benign,Benign,Benign,0,1
BENIGN_008,Benign,ToT,inject_c2_backdoor,Backdoor,Benign,Backdoor,1,1
BENIGN_008,Benign,CVA,mask_encryption,Benign,Benign,Benign,0,1
BENIGN_008,Benign,CVA,modify_c2,Benign,Benign,Benign,0,1
BENIGN_008,Benign,CVA,inject_c2_backdoor,Backdoor,Benign,Backdoor,1,1
BENIGN_009,Benign,Direct,mask_encryption,Benign,Benign,Benign,0,1
BENIGN_009,Benign,Direct,modify_c2,Benign,Benign,Benign,0,1
BENIGN_009,Benign,Direct,inject_c2_backdoor,Backdoor,Benign,Backdoor,1,1
BENIGN_009,Benign,CoT,mask_encryption,Benign,Benign,Benign,0,1
BENIGN_009,Benign,CoT,modify_c2,Benign,Benign,Benign,0,1
BENIGN_009,Benign,CoT,inject_c2_backdoor,Backdoor,Benign,Backdoor,1,1
BENIGN_009,Benign,ToT,mask_encryption,Benign,Benign,Benign,0,1
BENIGN_009,Benign,ToT,modify_c2,Benign,Benign,Benign,0,1
BENIGN_009,Benign,ToT,inject_c2_backdoor,Backdoor,Benign,Backdoor,1,1
BENIGN_009,Benign,CVA,mask_encryption,Benign,Benign,Benign,0,1
BENIGN_009,Benign,CVA,modify_c2,Benign,Benign,Benign,0,1
BENIGN_009,Benign,CVA,inject_c2_backdoor,Backdoor,Benign,Backdoor,1,1
BENIGN_010,Benign,Direct,mask_encryption,Benign,Benign,Benign,0,1
BENIGN_010,Benign,Direct,modify_c2,Benign,Benign,Benign,0,1
BENIGN_010,Benign,Direct,inject_c2_backdoor,Backdoor,Benign,Backdoor,1,1
BENIGN_010,Benign,CoT,mask_encryption,Benign,Benign,Benign,0,1
BENIGN_010,Benign,CoT,modify_c2,Benign,Benign,Benign,0,1
BENIGN_010,Benign,CoT,inject_c2_backdoor,Backdoor,Benign,Backdoor,1,1
BENIGN_010,Benign,ToT,mask_encryption,Benign,Benign,Benign,0,1
BENIGN_010,Benign,ToT,modify_c2,Benign,Benign,Benign,0,1
BENIGN_010,Benign,ToT,inject_c2_backdoor,Backdoor,Benign,Backdoor,1,1
BENIGN_010,Benign,CVA,mask_encryption,Benign,Benign,Benign,0,1
BENIGN_010,Benign,CVA,modify_c2,Benign,Benign,Benign,0,1
BENIGN_010,Benign,CVA,inject_c2_backdoor,Backdoor,Benign,Backdoor,1,1
BENIGN_011,Benign,Direct,mask_encryption,Benign,Benign,Benign,0,1
BENIGN_011,Benign,Direct,modify_c2,Benign,Benign,Benign,0,1
BENIGN_011,Benign,Direct,inject_c2_backdoor,Backdoor,Benign,Backdoor,1,1
BENIGN_011,Benign,CoT,mask_encryption,Benign,Benign,Benign,0,1
BENIGN_011,Benign,CoT,modify_c2,Benign,Benign,Benign,0,1
BENIGN_011,Benign,CoT,inject_c2_backdoor,Backdoor,Benign,Backdoor,1,1
BENIGN_011,Benign,ToT,mask_encryption,Benign,Benign,Benign,0,1
BENIGN_011,Benign,ToT,modify_c2,Benign,Benign,Benign,0,1
BENIGN_011,Benign,ToT,inject_c2_backdoor,Backdoor,Benign,Backdoor,1,1
BENIGN_011,Benign,CVA,mask_encryption,Benign,Benign,Benign,0,1
BENIGN_011,Benign,CVA,modify_c2,Benign,Benign,Benign,0,1
BENIGN_011,Benign,CVA,inject_c2_backdoor,Backdoor,Benign,Backdoor,1,1
BENIGN_012,Benign,Direct,mask_encryption,Benign,Benign,Benign,0,1
BENIGN_012,Benign,Direct,modify_c2,Benign,Benign,Benign,0,1
BENIGN_012,Benign,Direct,inject_c2_backdoor,Backdoor,Benign,Backdoor,1,1
BENIGN_012,Benign,CoT,mask_encryption,Benign,Benign,Benign,0,1
BENIGN_012,Benign,CoT,modify_c2,Benign,Benign,Benign,0,1
BENIGN_012,Benign,CoT,inject_c2_backdoor,Backdoor,Benign,Backdoor,1,1
BENIGN_012,Benign,ToT,mask_encryption,Benign,Benign,Benign,0,1
BENIGN_012,Benign,ToT,modify_c2,Benign,Benign,Benign,0,1
BENIGN_012,Benign,ToT,inject_c2_backdoor,Backdoor,Benign,Backdoor,1,1
BENIGN_012,Benign,CVA,mask_encryption,Benign,Benign,Benign,0,1
BENIGN_012,Benign,CVA,modify_c2,Benign,Benign,Benign,0,1
BENIGN_012,Benign,CVA,inject_c2_backdoor,Backdoor,Benign,Backdoor,1,1
BENIGN_013,Benign,Direct,mask_encryption,Benign,Benign,Benign,0,1
BENIGN_013,Benign,Direct,modify_c2,Benign,Benign,Benign,0,1
BENIGN_013,Benign,Direct,inject_c2_backdoor,Backdoor,Benign,Backdoor,1,1
BENIGN_013,Benign,CoT,mask_encryption,Benign,Benign,Benign,0,1
BENIGN_013,Benign,CoT,modify_c2,Benign,Benign,Benign,0,1
BENIGN_013,Benign,CoT,inject_c2_backdoor,Backdoor,Benign,Backdoor,1,1
BENIGN_013,Benign,ToT,mask_encryption,Benign,Benign,Benign,0,1
BENIGN_013,Benign,ToT,modify_c2,Benign,Benign,Benign,0,1
BENIGN_013,Benign,ToT,inject_c2_backdoor,Backdoor,Benign,Backdoor,1,1
BENIGN_013,Benign,CVA,mask_encryption,Benign,Benign,Benign,0,1
BENIGN_013,Benign,CVA,modify_c2,Benign,Benign,Benign,0,1
BENIGN_013,Benign,CVA,inject_c2_backdoor,Backdoor,Benign,Backdoor,1,1
BENIGN_014,Benign,Direct,mask_encryption,Benign,Benign,Benign,0,1
BENIGN_014,Benign,Direct,modify_c2,Benign,Benign,Benign,0,1
BENIGN_014,Benign,Direct,inject_c2_backdoor,Backdoor,Benign,Backdoor,1,1
BENIGN_014,Benign,CoT,mask_encryption,Benign,Benign,Benign,0,1
BENIGN_014,Benign,CoT,modify_c2,Benign,Benign,Benign,0,1
BENIGN_014,Benign,CoT,inject_c2_backdoor,Backdoor,Benign,Backdoor,1,1
BENIGN_014,Benign,ToT,mask_encryption,Benign,Benign,Benign,0,1
BENIGN_014,Benign,ToT,modify_c2,Benign,Benign,Benign,0,1
BENIGN_014,Benign,ToT,inject_c2_backdoor,Backdoor,Benign,Backdoor,1,1
BENIGN_014,Benign,CVA,mask_encryption,Benign,Benign,Benign,0,1
BENIGN_014,Benign,CVA,modify_c2,Benign,Benign,Benign,0,1
BENIGN_014,Benign,CVA,inject_c2_backdoor,Backdoor,Benign,Backdoor,1,1
BENIGN_015,Benign,Direct,mask_encryption,Benign,Benign,Benign,0,1
BENIGN_015,Benign,Direct,modify_c2,Benign,Benign,Benign,0,1
BENIGN_015,Benign,Direct,inject_c2_backdoor,Backdoor,Benign,Backdoor,1,1
BENIGN_015,Benign,CoT,mask_encryption,Benign,Benign,Benign,0,1
BENIGN_015,Benign,CoT,modify_c2,Benign,Benign,Benign,0,1
BENIGN_015,Benign,CoT,inject_c2_backdoor,Backdoor,Benign,Backdoor,1,1
BENIGN_015,Benign,ToT,mask_encryption,Benign,Benign,Benign,0,1
BENIGN_015,Benign,ToT,modify_c2,Benign,Benign,Benign,0,1
BENIGN_015,Benign,ToT,inject_c2_backdoor,Backdoor,Benign,Backdoor,1,1
BENIGN_015,Benign,CVA,mask_encryption,Benign,Benign,Benign,0,1
BENIGN_015,Benign,CVA,modify_c2,Benign,Benign,Benign,0,1
BENIGN_015,Benign,CVA,inject_c2_backdoor,Backdoor,Benign,Backdoor,1,1
BENIGN_016,Benign,Direct,mask_encryption,Benign,Benign,Benign,0,1
BENIGN_016,Benign,Direct,modify_c2,Benign,Benign,Benign,0,1
BENIGN_016,Benign,Direct,inject_c2_backdoor,Backdoor,Benign,Backdoor,1,1
BENIGN_016,Benign,CoT,mask_encryption,Benign,Benign,Benign,0,1
BENIGN_016,Benign,CoT,modify_c2,Benign,Benign,Benign,0,1
BENIGN_016,Benign,CoT,inject_c2_backdoor,Backdoor,Benign,Backdoor,1,1
BENIGN_016,Benign,ToT,mask_encryption,Benign,Benign,Benign,0,1
BENIGN_016,Benign,ToT,modify_c2,Benign,Benign,Benign,0,1
BENIGN_016,Benign,ToT,inject_c2_backdoor,Backdoor,Benign,Backdoor,1,1
BENIGN_016,Benign,CVA,mask_encryption,Benign,Benign,Benign,0,1
BENIGN_016,Benign,CVA,modify_c2,Benign,Benign,Benign,0,1
BENIGN_016,Benign,CVA,inject_c2_backdoor,Backdoor,Benign,Backdoor,1,1
BENIGN_017,Benign,Direct,mask_encryption,Benign,Benign,Benign,0,1
BENIGN_017,Benign,Direct,modify_c2,Benign,Benign,Benign,0,1
BENIGN_017,Benign,Direct,inject_c2_backdoor,Backdoor,Benign,Backdoor,1,1
BENIGN_017,Benign,CoT,mask_encryption,Benign,Benign,Benign,0,1
BENIGN_017,Benign,CoT,modify_c2,Benign,Benign,Benign,0,1
BENIGN_017,Benign,CoT,inject_c2_backdoor,Backdoor,Benign,Backdoor,1,1
BENIGN_017,Benign,ToT,mask_encryption,Benign,Benign,Benign,0,1
BENIGN_017,Benign,ToT,modify_c2,Benign,Benign,Benign,0,1
BENIGN_017,Benign,ToT,inject_c2_backdoor,Backdoor,Benign,Backdoor,1,1
BENIGN_017,Benign,CVA,mask_encryption,Benign,Benign,Benign,0,1
BENIGN_017,Benign,CVA,modify_c2,Benign,Benign,Benign,0,1
BENIGN_017,Benign,CVA,inject_c2_backdoor,Backdoor,Benign,Backdoor,1,1
BENIGN_018,Benign,Direct,mask_encryption,Benign,Benign,Benign,0,1
BENIGN_018,Benign,Direct,modify_c2,Benign,Benign,Benign,0,1
BENIGN_018,Benign,Direct,inject_c2_backdoor,Backdoor,Benign,Backdoor,1,1
BENIGN_018,Benign,CoT,mask_encryption,Benign,Benign,Benign,0,1
BENIGN_018,Benign,CoT,modify_c2,Benign,Benign,Benign,0,1
BENIGN_018,Benign,CoT,inject_c2_backdoor,Backdoor,Benign,Backdoor,1,1
BENIGN_018,Benign,ToT,mask_encryption,Benign,Benign,Benign,0,1
BENIGN_018,Benign,ToT,modify_c2,Benign,Benign,Benign,0,1
BENIGN_018,Benign,ToT,inject_c2_backdoor,Backdoor,Benign,Backdoor,1,1
BENIGN_018,Benign,CVA,mask_encryption,Benign,Benign,Benign,0,1
BENIGN_018,Benign,CVA,modify_c2,Benign,Benign,Benign,0,1
BENIGN_018,Benign,CVA,inject_c2_backdoor,Backdoor,Benign,Backdoor,1,1
BENIGN_019,Benign,Direct,mask_encryption,Benign,Benign,Benign,0,1
BENIGN_019,Benign,Direct,modify_c2,Benign,Benign,Benign,0,1
BENIGN_019,Benign,Direct,inject_c2_backdoor,Backdoor,Benign,Backdoor,1,1
BENIGN_019,Benign,CoT,mask_encryption,Benign,Benign,Benign,0,1
BENIGN_019,Benign,CoT,modify_c2,Benign,Benign,Benign,0,1
BENIGN_019,Benign,CoT,inject_c2_backdoor,Backdoor,Benign,Backdoor,1,1
BENIGN_019,Benign,ToT,mask_encryption,Benign,Benign,Benign,0,1
BENIGN_019,Benign,ToT,modify_c2,Benign,Benign,Benign,0,1
BENIGN_019,Benign,ToT,inject_c2_backdoor,Backdoor,Benign,Backdoor,1,1
BENIGN_019,Benign,CVA,mask_encryption,Benign,Benign,Benign,0,1
BENIGN_019,Benign,CVA,modify_c2,Benign,Benign,Benign,0,1
BENIGN_019,Benign,CVA,inject_c2_backdoor,Backdoor,Benign,Backdoor,1,1
BENIGN_020,Benign,Direct,mask_encryption,Benign,Benign,Benign,0,1
BENIGN_020,Benign,Direct,modify_c2,Benign,Benign,Benign,0,1
BENIGN_020,Benign,Direct,inject_c2_backdoor,Backdoor,Benign,Backdoor,1,1
BENIGN_020,Benign,CoT,mask_encryption,Benign,Benign,Benign,0,1
BENIGN_020,Benign,CoT,modify_c2,Benign,Benign,Benign,0,1
BENIGN_020,Benign,CoT,inject_c2_backdoor,Backdoor,Benign,Backdoor,1,1
BENIGN_020,Benign,ToT,mask_encryption,Benign,Benign,Benign,0,1
BENIGN_020,Benign,ToT,modify_c2,Benign,Benign,Benign,0,1
BENIGN_020,Benign,ToT,inject_c2_backdoor,Backdoor,Benign,Backdoor,1,1
BENIGN_020,Benign,CVA,mask_encryption,Benign,Benign,Benign,0,1
BENIGN_020,Benign,CVA,modify_c2,Benign,Benign,Benign,0,1
BENIGN_020,Benign,CVA,inject_c2_backdoor,Backdoor,Benign,Backdoor,1,1
BENIGN_021,Benign,Direct,mask_encryption,Benign,Benign,Benign,0,1
BENIGN_021,Benign,Direct,modify_c2,Benign,Benign,Benign,0,1
BENIGN_021,Benign,Direct,inject_c2_backdoor,Backdoor,Benign,Backdoor,1,1
BENIGN_021,Benign,CoT,mask_encryption,Benign,Benign,Benign,0,1
BENIGN_021,Benign,CoT,modify_c2,Benign,Benign,Benign,0,1
BENIGN_021,Benign,CoT,inject_c2_backdoor,Backdoor,Benign,Backdoor,1,1
BENIGN_021,Benign,ToT,mask_encryption,Benign,Benign,Benign,0,1
BENIGN_021,Benign,ToT,modify_c2,Benign,Benign,Benign,0,1
BENIGN_021,Benign,ToT,inject_c2_backdoor,Backdoor,Benign,Backdoor,1,1
BENIGN_021,Benign,CVA,mask_encryption,Benign,Benign,Benign,0,1
BENIGN_021,Benign,CVA,modify_c2,Benign,Benign,Benign,0,1
BENIGN_021,Benign,CVA,inject_c2_backdoor,Backdoor,Benign,Backdoor,1,1
BENIGN_022,Benign,Direct,mask_encryption,Benign,Benign,Benign,0,1
BENIGN_022,Benign,Direct,modify_c2,Benign,Benign,Benign,0,1
BENIGN_022,Benign,Direct,inject_c2_backdoor,Backdoor,Benign,Backdoor,1,1
BENIGN_022,Benign,CoT,mask_encryption,Benign,Benign,Benign,0,1
BENIGN_022,Benign,CoT,modify_c2,Benign,Benign,Benign,0,1
BENIGN_022,Benign,CoT,inject_c2_backdoor,Backdoor,Benign,Backdoor,1,1
BENIGN_022,Benign,ToT,mask_encryption,Benign,Benign,Benign,0,1
BENIGN_022,Benign,ToT,modify_c2,Benign,Benign,Benign,0,1
BENIGN_022,Benign,ToT,inject_c2_backdoor,Backdoor,Benign,Backdoor,1,1
BENIGN_022,Benign,CVA,mask_encryption,Benign,Benign,Benign,0,1
BENIGN_022,Benign,CVA,modify_c2,Benign,Benign,Benign,0,1
BENIGN_022,Benign,CVA,inject_c2_backdoor,Backdoor,Benign,Backdoor,1,1
BENIGN_023,Benign,Direct,mask_encryption,Benign,Benign,Benign,0,1
BENIGN_023,Benign,Direct,modify_c2,Benign,Benign,Benign,0,1
BENIGN_023,Benign,Direct,inject_c2_backdoor,Backdoor,Benign,Backdoor,1,1
BENIGN_023,Benign,CoT,mask_encryption,Benign,Benign,Benign,0,1
BENIGN_023,Benign,CoT,modify_c2,Benign,Benign,Benign,0,1
BENIGN_023,Benign,CoT,inject_c2_backdoor,Backdoor,Benign,Backdoor,1,1
BENIGN_023,Benign,ToT,mask_encryption,Benign,Benign,Benign,0,1
BENIGN_023,Benign,ToT,modify_c2,Benign,Benign,Benign,0,1
BENIGN_023,Benign,ToT,inject_c2_backdoor,Backdoor,Benign,Backdoor,1,1
BENIGN_023,Benign,CVA,mask_encryption,Benign,Benign,Benign,0,1
BENIGN_023,Benign,CVA,modify_c2,Benign,Benign,Benign,0,1
BENIGN_023,Benign,CVA,inject_c2_backdoor,Backdoor,Benign,Backdoor,1,1
BENIGN_024,Benign,Direct,mask_encryption,Benign,Benign,Benign,0,1
BENIGN_024,Benign,Direct,modify_c2,Benign,Benign,Benign,0,1
BENIGN_024,Benign,Direct,inject_c2_backdoor,Backdoor,Benign,Backdoor,1,1
BENIGN_024,Benign,CoT,mask_encryption,Benign,Benign,Benign,0,1
BENIGN_024,Benign,CoT,modify_c2,Benign,Benign,Benign,0,1
BENIGN_024,Benign,CoT,inject_c2_backdoor,Backdoor,Benign,Backdoor,1,1
BENIGN_024,Benign,ToT,mask_encryption,Benign,Benign,Benign,0,1
BENIGN_024,Benign,ToT,modify_c2,Benign,Benign,Benign,0,1
BENIGN_024,Benign,ToT,inject_c2_backdoor,Backdoor,Benign,Backdoor,1,1
BENIGN_024,Benign,CVA,mask_encryption,Benign,Benign,Benign,0,1
BENIGN_024,Benign,CVA,modify_c2,Benign,Benign,Benign,0,1
BENIGN_024,Benign,CVA,inject_c2_backdoor,Backdoor,Benign,Backdoor,1,1
BENIGN_025,Benign,Direct,mask_encryption,Benign,Benign,Benign,0,1
BENIGN_025,Benign,Direct,modify_c2,Benign,Benign,Benign,0,1
BENIGN_025,Benign,Direct,inject_c2_backdoor,Backdoor,Benign,Backdoor,1,1
BENIGN_025,Benign,CoT,mask_encryption,Benign,Benign,Benign,0,1
BENIGN_025,Benign,CoT,modify_c2,Benign,Benign,Benign,0,1
BENIGN_025,Benign,CoT,inject_c2_backdoor,Backdoor,Benign,Backdoor,1,1
BENIGN_025,Benign,ToT,mask_encryption,Benign,Benign,Benign,0,1
BENIGN_025,Benign,ToT,modify_c2,Benign,Benign,Benign,0,1
BENIGN_025,Benign,ToT,inject_c2_backdoor,Backdoor,Benign,Backdoor,1,1
BENIGN_025,Benign,CVA,mask_encryption,Benign,Benign,Benign,0,1
BENIGN_025,Benign,CVA,modify_c2,Benign,Benign,Benign,0,1
BENIGN_025,Benign,CVA,inject_c2_backdoor,Backdoor,Benign,Backdoor,1,1
